CA_1,CA_2,CA_3,CA_4,TX_1,TX_2,TX_3,WI_1,WI_2,WI_3,d
4337,3494,4739,1625,2556,3852,3030,2704,2256,4038,d_1
4155,3046,4827,1777,2687,3937,3006,2194,1922,4198,d_2
2816,2121,3785,1386,1822,2731,2225,1562,2018,3317,d_3
3051,2324,4232,1440,2258,2954,2169,1251,2522,3211,d_4
2630,1942,3817,1536,1694,2492,1726,2,1175,2132,d_5
3276,2288,4369,1389,2734,3439,2833,2049,2244,4590,d_6
3450,2629,4703,1469,1691,2588,1947,2815,2232,4486,d_7
5437,3729,5456,1988,2820,3772,2848,3248,2643,5991,d_8
4340,2957,5581,1818,2887,3657,2832,1674,2140,4850,d_9
3157,2218,4912,1535,2174,2932,2213,1355,1836,3240,d_10
2995,2123,4447,1368,1607,2628,1989,1335,1526,3053,d_11
2710,1901,4544,1195,2149,2669,1922,1410,1846,3312,d_12
2928,2436,4406,1434,1895,2515,1699,1349,1785,3309,d_13
3078,2584,4380,1312,2256,2883,2063,1946,2015,3928,d_14
4316,3455,5187,1652,2944,4000,3137,2634,2442,5066,d_15
4354,3563,5780,1933,3432,4779,3514,2012,2336,4677,d_16
2757,1801,3303,1183,1921,2679,2119,1522,1612,2907,d_17
2430,1797,3758,1511,2217,2927,2316,1363,1980,3771,d_18
2272,1741,3641,1190,1962,2606,2038,1300,1628,3065,d_19
2009,1614,3099,1113,1821,2449,2142,1459,1678,2934,d_20
3015,2214,3320,1476,1951,2615,2145,1872,1813,3300,d_21
4553,3080,4694,1543,2571,3705,2874,2596,2014,4059,d_22
3966,3087,4794,1618,2810,3845,3134,1415,1592,3022,d_23
3264,2601,4631,1501,2071,3006,2220,939,1356,2377,d_24
2441,1810,3593,1286,1933,2725,1970,1089,1330,2324,d_25
2377,1851,3342,1371,1723,2268,1823,1413,1719,2870,d_26
2414,1652,3310,1138,1825,2488,1862,1449,1571,2568,d_27
2701,2187,3575,1384,1886,2506,1894,1830,1532,3034,d_28
3719,3516,4774,1643,2629,3565,2392,2154,1961,3555,d_29
3548,2692,4540,1711,2688,3660,2738,1784,1643,3703,d_30
2246,1894,3604,1452,1985,2548,2022,1327,1537,2625,d_31
2549,1958,3846,1429,1967,3023,2092,1352,1667,2989,d_32
2559,1837,3821,1320,1860,2383,1902,1279,1735,3350,d_33
2568,2010,3757,1375,2052,2545,2042,1338,1946,3842,d_34
2978,2105,3904,1457,1753,2718,2113,1560,1659,3325,d_35
4096,3199,4894,1595,2642,3627,2969,1867,1967,4346,d_36
4832,3272,5895,2058,3031,4379,3013,1996,1894,4506,d_37
3138,1970,4274,1571,2272,2954,2397,1453,1635,2898,d_38
2997,1800,4084,1418,1788,2495,2052,1359,1691,3068,d_39
2772,2064,3754,1361,2180,2705,2056,1157,1480,3031,d_40
2650,2041,3898,1423,1779,2613,1947,1521,1514,3240,d_41
3249,2375,4108,1457,2073,2968,2162,1897,1699,3584,d_42
4114,3114,4823,1659,2800,3704,2767,2351,2480,4413,d_43
4094,3224,5342,1680,2737,3869,2936,1847,1935,3753,d_44
2880,2044,4231,1567,2277,3296,2172,1386,1759,3323,d_45
2384,1969,3624,1316,2614,3052,2168,1579,1763,3552,d_46
2522,2082,3767,1381,1987,2719,2062,1530,1650,3065,d_47
2435,2234,3653,1182,2117,2642,2000,1441,1454,2621,d_48
2744,2227,3562,1497,2121,2889,2121,1874,1675,3145,d_49
4142,3554,5235,1578,2423,3457,2323,2271,1910,3706,d_50
3904,3431,5181,1596,2669,3533,2790,1516,1556,3467,d_51
2635,2018,4154,1448,2074,2764,2237,1496,1426,2849,d_52
2458,2045,3664,1216,1858,2313,1915,1359,1428,2236,d_53
2079,1908,3255,1248,1780,2208,1926,1245,1351,2230,d_54
2281,1718,2814,1076,1859,2290,1749,1427,1306,2334,d_55
2740,2697,4085,1489,1982,2412,1855,1808,1435,2847,d_56
3899,3310,4991,1616,2392,3195,2485,2277,1826,3629,d_57
3999,3223,4850,1589,2817,3759,2858,1879,1516,3376,d_58
2780,2179,3692,1346,1792,2638,1999,1295,1269,2459,d_59
2167,2107,3028,1214,1705,2276,1747,1293,1504,2540,d_60
2247,1887,3518,1259,1706,2055,1623,1489,1323,1821,d_61
2576,2362,3640,1481,1783,2421,1892,1605,1660,2322,d_62
3500,2979,4599,1749,2698,2970,2324,1952,2067,3471,d_63
4325,3503,5265,1698,2781,3493,2860,2516,2428,4609,d_64
4396,3346,5680,1919,2919,3850,3094,1911,1780,4163,d_65
3642,2210,4921,1583,1997,2524,2127,1354,1561,2933,d_66
2784,2291,3936,1486,2119,2608,2016,1481,1725,3135,d_67
2602,2004,4062,1433,1966,2787,1936,1377,1528,2961,d_68
2976,2158,4052,1389,2131,2893,2177,1245,1448,2432,d_69
3294,2305,3918,1454,2109,2621,2067,1677,1864,3445,d_70
4083,3383,4957,1641,2924,3473,2628,2184,2246,4226,d_71
4194,3416,5728,1953,3057,3942,2649,1660,1440,3497,d_72
3015,2237,4123,1723,2294,2939,2322,1489,1581,3106,d_73
2512,1868,3466,1335,2160,2921,2221,1448,1935,3352,d_74
2217,1856,3561,1219,2325,2805,2072,1366,1515,2675,d_75
2520,1985,3616,1309,1859,2584,1895,1435,1750,3011,d_76
2867,2298,4293,1464,2402,3062,2285,1562,1645,3604,d_77
3571,3175,4457,1606,2520,3317,2736,2042,2017,3793,d_78
4084,3133,4819,1858,2677,3694,2877,1693,1417,3535,d_79
2760,1943,3922,1330,2019,2972,2227,1202,1286,2728,d_80
2234,1990,3423,1283,1827,2382,1924,1183,1135,2093,d_81
2261,1754,3306,1261,1913,2511,1963,1327,1306,2586,d_82
2487,1958,3366,1175,1744,2227,1706,1350,1348,2407,d_83
3155,2359,3939,1514,2114,3012,2416,1621,1392,2757,d_84
4187,3000,4577,1813,2304,3664,2865,1868,1730,3567,d_85
2946,2834,4482,1459,2451,3307,2139,971,949,2480,d_86
2439,1952,3336,1138,1832,2572,1935,1295,1245,2260,d_87
2085,1845,3145,1101,1777,2077,1681,1203,1219,1980,d_88
2096,1851,3062,1126,1653,2112,1604,1125,1288,2012,d_89
2086,1810,2930,1125,1438,2225,1709,1390,1254,2178,d_90
2675,2309,3240,1506,1848,2764,1820,1803,1675,3095,d_91
3560,3051,4247,1570,2577,3375,2288,2168,1877,3388,d_92
3668,2958,4569,1802,3053,3931,2660,1726,1639,3039,d_93
2911,1958,4245,1543,1857,2443,1825,1261,1615,3179,d_94
2839,2002,4349,1479,2125,2587,2225,1466,1697,3311,d_95
2610,1826,3822,1338,1679,2400,1692,1291,1623,2480,d_96
2384,2010,3611,1276,2058,2452,1862,1406,1460,2665,d_97
3125,2223,3772,1497,2939,2804,2181,1469,1424,3052,d_98
3816,2607,4455,1508,2865,3417,2581,2006,1770,3387,d_99
3033,2656,4217,1325,2412,2798,2230,1210,1276,2531,d_100
3069,2064,4498,1633,2482,3246,2273,1169,1573,3017,d_101
2985,1831,3993,1621,2178,2515,1830,1339,1456,2483,d_102
2629,1837,3657,1447,1957,2570,2228,1260,1497,3083,d_103
2277,2045,3696,1294,2093,2540,2075,1432,1790,3171,d_104
3008,2416,3934,1620,2581,3069,2581,1815,1556,3068,d_105
3754,3072,4094,1576,2590,3572,2501,1926,1923,3728,d_106
3822,3047,4897,1783,3136,4038,3063,1838,1628,4068,d_107
2582,1872,3806,1282,2248,2745,2148,1384,1361,2785,d_108
2144,1794,3297,1257,1956,2365,1858,1327,1331,2284,d_109
2174,1718,3173,1193,1706,2341,1740,1404,1258,2063,d_110
2168,1876,3172,1194,1691,2273,1716,1206,1201,2187,d_111
2664,2213,3551,1381,2054,2341,1942,1553,1389,2561,d_112
3463,2742,4247,1555,2507,3161,2620,2070,1656,3091,d_113
3597,2600,4475,1629,2472,3454,2592,1473,1144,2810,d_114
2461,1877,3637,1371,1889,2659,1997,1264,1315,2484,d_115
2160,1691,3364,1326,1633,2204,1976,1266,1270,2313,d_116
2251,1786,3429,1369,1809,2300,1849,1208,1233,1824,d_117
2296,2081,3501,1298,1769,2424,2090,1351,1446,2224,d_118
2642,2476,3707,1406,1809,2508,2026,1548,1556,2803,d_119
3214,2459,3920,1366,2245,3383,2658,1835,1588,2859,d_120
3202,2539,3951,1423,2286,2670,2295,1335,1126,2622,d_121
2884,2336,4103,1445,2072,2743,2337,1158,1243,2217,d_122
2156,1693,3569,1325,1769,2175,1921,1273,1443,2231,d_123
2529,1720,4210,1203,2528,2906,2346,1404,1728,2591,d_124
2652,2022,3896,1319,2036,2540,2086,1349,1636,3145,d_125
3200,2276,4681,1631,2641,2864,2625,1748,1975,3140,d_126
3942,2737,5390,1661,2661,3355,2737,2078,2148,3601,d_127
3871,2961,5440,1725,2916,3871,2925,1672,2176,4047,d_128
3056,1940,4502,1673,2403,3370,2882,1476,2129,3254,d_129
2763,1973,4292,1461,2509,2941,2505,1472,2110,3063,d_130
2884,2027,4427,1268,2156,2833,2420,1356,1907,3175,d_131
2787,2135,4008,1336,2446,2884,2442,1427,2038,3279,d_132
3420,2534,4662,1572,2263,3189,2371,1606,1725,3077,d_133
3588,2824,4438,1684,2829,3603,3196,1999,2090,3689,d_134
3569,2988,5380,1679,2999,4267,3304,1623,1724,3561,d_135
3149,2185,4419,1531,2597,3434,2700,1288,1479,2970,d_136
2894,2102,4034,1370,2174,2675,2471,1548,1780,3107,d_137
2679,2086,4133,1482,2347,3134,2661,1441,1918,3377,d_138
2535,2288,3831,1282,2002,2609,2330,1517,1608,2704,d_139
2971,2362,3935,1393,2279,2998,2599,1549,1557,3069,d_140
3896,2759,4537,1553,2581,3494,3005,2087,1793,3120,d_141
3109,2568,4656,1489,2549,3178,2794,1633,1318,2812,d_142
2848,2307,4538,1480,2395,2992,2297,1406,1595,2403,d_143
2936,2064,4255,794,2059,2392,2185,1262,1519,2344,d_144
2557,2018,4173,1377,1560,2233,2066,1547,1497,2373,d_145
2624,2248,4011,1559,2141,2665,2201,1490,1465,2376,d_146
3071,2436,4247,1453,2157,2781,2389,1658,1686,2760,d_147
3354,2853,4386,1444,2490,3232,2578,1824,1599,2722,d_148
3672,2916,4876,1568,2727,3342,3119,1477,1276,2695,d_149
2912,2106,3891,1549,2151,2672,2334,1440,1310,2277,d_150
2200,1683,3347,1253,1804,2512,2204,1491,1253,2053,d_151
2166,2044,3560,1186,1728,2497,1937,1384,1293,2135,d_152
2542,2218,3712,1350,1817,2451,2085,1524,1405,2347,d_153
3681,2816,5341,1617,3055,3517,3020,2120,2304,3562,d_154
4276,3308,5633,1771,2740,3593,3226,2184,2092,4178,d_155
3885,2803,5170,1644,2720,3289,3185,1434,1581,3462,d_156
2672,2337,4129,1445,2282,2998,2703,968,1154,2345,d_157
3177,2407,4780,1552,2423,3247,2761,1495,1611,3143,d_158
3542,2348,4939,1536,2478,2783,2247,1541,1840,3348,d_159
3362,2293,4894,1521,2694,3065,2858,1503,1745,2792,d_160
3252,2855,4696,1702,2420,2997,2511,1922,1916,3408,d_161
3923,3125,5419,1579,2921,3927,3176,2199,2224,3993,d_162
4286,3091,5413,1730,2797,3682,3416,1737,1848,3539,d_163
2785,2165,4581,1395,2629,3237,3002,1325,1726,3747,d_164
2380,1982,4002,1333,2452,2940,2576,1469,1977,3521,d_165
2501,2036,3718,1298,2539,3027,2521,1417,1705,2683,d_166
2467,2132,3845,1356,2059,2798,2368,1330,1836,3256,d_167
2922,2471,4043,1495,2683,3347,2779,1646,2116,3847,d_168
3688,3204,4931,1615,2747,3638,3156,2029,2087,3774,d_169
3587,3005,5104,1788,2902,3602,3254,1719,1808,3565,d_170
2936,2336,4060,1502,2313,2773,2708,1358,1627,3026,d_171
2373,1976,3715,1342,2117,2491,1969,1381,1726,2841,d_172
2511,2087,3850,1482,1937,2878,2135,1385,1643,2579,d_173
2585,2360,3879,1385,1951,2612,2322,1502,1571,2611,d_174
3069,2561,4516,1475,2278,3047,2464,1737,1784,3425,d_175
3851,3244,5212,1520,2573,3706,2854,1994,1956,3374,d_176
3773,3111,5023,1560,2641,3557,3112,1462,1516,3044,d_177
2762,2119,3804,1398,2100,2888,2548,1408,1442,2426,d_178
2322,1988,3671,1396,1983,2490,2109,1272,1649,2315,d_179
2337,2209,3548,1285,1843,2428,2176,1285,1372,2021,d_180
2518,2088,3636,1306,1902,2511,2184,1402,1424,2272,d_181
2915,2639,3956,1575,2112,2936,2246,1556,1641,2966,d_182
2930,3218,4923,1726,2336,3609,2923,2052,1889,3347,d_183
3493,2742,4946,1660,2625,3463,3291,1615,1616,3226,d_184
2860,2385,4609,1527,2635,3439,3065,1367,1709,3011,d_185
3018,2117,4684,1417,2210,2641,2516,1429,1791,3652,d_186
2919,2245,4721,1395,2650,3132,2753,1426,1936,4060,d_187
3003,1948,4252,1296,2209,2832,2577,1292,1589,2715,d_188
3450,2400,4320,1324,2570,3093,2717,1398,1914,3408,d_189
3818,2992,4990,1571,3315,4020,3170,1802,1894,4387,d_190
3930,2853,5728,1600,3244,4181,3721,1659,1471,3619,d_191
3246,2092,5012,1463,2368,3262,2672,1252,1580,3407,d_192
2862,2166,5011,1402,2520,3188,2470,1407,1743,3444,d_193
2699,2208,5365,1284,2119,2931,2216,1526,1518,2712,d_194
2728,2193,4019,1430,2375,3070,2505,1408,1753,3227,d_195
3292,2538,4507,1581,2810,3711,2817,1489,1749,4050,d_196
4077,3183,5190,1777,3636,4225,3593,2026,1690,3606,d_197
4202,3151,6062,1841,3223,4221,3858,1592,1808,3951,d_198
2879,2244,5048,1552,2762,3844,3219,1405,1734,3824,d_199
2718,2195,4799,1325,2411,3213,2528,1388,1515,3174,d_200
2577,2071,4061,1454,2430,2964,2433,1492,1449,2750,d_201
2574,2147,4081,1480,2308,2926,2536,1289,1446,2589,d_202
3080,2366,4498,1507,2592,3402,2835,1679,1612,3433,d_203
3702,3142,5444,1737,3366,4309,3495,1863,1747,3453,d_204
4462,3323,5680,1950,3882,4454,4004,1492,1537,3189,d_205
2722,2100,4769,1575,2551,3217,2816,1174,1549,2851,d_206
2217,2197,4244,1368,2125,2844,2514,1326,1433,2349,d_207
2440,2006,4066,1409,2029,2384,2117,1398,1579,2507,d_208
2483,1968,3618,1458,1877,2583,2004,1494,1526,2403,d_209
2873,2378,4172,1556,2014,2798,2372,1558,1614,2933,d_210
3769,3359,4913,1608,2866,3729,3179,1866,1931,3163,d_211
3701,3154,5280,1925,3061,3992,3494,1533,1620,2866,d_212
2407,2069,3969,1445,1999,2742,2313,1403,1429,2309,d_213
2114,1878,3696,1243,1833,2470,1955,1445,1495,2221,d_214
2291,2061,3568,1318,1769,2747,1862,1805,1711,2591,d_215
2668,2112,4490,1595,2931,3257,2639,1666,2014,2927,d_216
3412,2431,5010,1619,2385,3179,2647,2028,2225,4272,d_217
4127,3068,5348,2025,3438,4079,3470,2002,1888,4587,d_218
3542,2564,5356,1557,2630,2093,2815,1443,1610,3315,d_219
3485,2923,5574,1825,2882,3548,2941,1454,1766,3760,d_220
3130,1998,5279,1656,2159,2716,2670,1367,1676,3483,d_221
2674,1904,4744,1482,2528,2917,2861,1272,1498,2565,d_222
2826,2025,4550,1478,2117,2687,2188,1283,1654,3240,d_223
3238,2300,5132,1624,2619,3472,2631,1651,1892,3687,d_224
3873,3172,5718,1901,3085,4140,3202,2154,2028,3757,d_225
4046,3068,6003,1969,3379,4457,3723,1676,2026,4285,d_226
2835,2005,4214,1650,2435,3146,2911,1464,1708,3770,d_227
2383,2000,4199,1507,2704,3739,2553,1338,1384,2838,d_228
2186,1990,4250,1350,2172,2819,2374,1333,1783,3248,d_229
2388,2216,3911,1546,2723,3671,2520,1604,1859,3905,d_230
2813,2359,4335,1662,2550,3348,2774,1816,1664,3612,d_231
3515,3343,4879,1850,3084,4109,3317,2261,1906,3931,d_232
3670,3215,5734,2224,2987,4281,3390,1506,1511,3516,d_233
2606,2242,4641,1679,2235,3152,2678,1285,1274,2575,d_234
2558,2040,4157,1745,2075,2895,2086,1321,1415,2383,d_235
2453,2145,4089,1498,1893,2510,2000,1437,1396,2375,d_236
2366,2245,3861,1512,1911,2640,2003,1492,1473,2356,d_237
3475,2774,4345,1910,2101,3168,2673,1646,1469,3145,d_238
4059,3718,5157,1942,2835,4011,3216,2045,1676,3807,d_239
4086,3473,5866,2219,3084,4171,3635,1592,1375,3727,d_240
2846,2091,4463,1831,2219,2897,2519,1329,1240,2655,d_241
2438,2148,4536,1691,2068,2640,2216,1262,1414,2375,d_242
2581,2111,4220,1567,1751,2591,2111,1335,1492,2434,d_243
2437,2144,3939,1683,1870,2727,2165,1333,1496,2589,d_244
3623,2955,4568,1811,2608,3901,2824,2142,1909,3841,d_245
5037,4064,6660,2259,3804,5030,3641,2266,2238,4313,d_246
4685,3362,6569,2478,3324,4517,3312,1845,2196,4926,d_247
3298,2153,5686,1960,2782,3687,2959,1634,2061,4235,d_248
3200,2243,5310,1772,2118,2955,2598,1427,1725,2766,d_249
2798,2082,4753,1629,2633,2835,2582,1446,1769,3386,d_250
2690,2039,4666,1614,2343,3021,2693,1385,1856,3759,d_251
3541,2823,5161,1840,2748,3782,3100,1719,1623,3648,d_252
4604,3428,6237,2330,2991,4251,2742,2253,2082,5012,d_253
4417,3281,6703,2106,3170,3500,3436,1766,1958,5603,d_254
3572,2382,5687,1920,2507,3730,3386,1311,1516,3390,d_255
3110,2249,4986,1690,2349,3317,2879,1462,1744,3641,d_256
2609,2194,4600,1663,2611,3467,3115,1364,1914,3877,d_257
2859,2168,4501,1716,2494,3365,2773,1628,1548,3064,d_258
3337,2815,5229,1957,2473,3303,2712,1884,1965,4210,d_259
4253,3543,6274,2215,3507,4866,3426,2411,2312,5619,d_260
4250,3384,6370,2285,3469,4872,3523,1785,1893,4296,d_261
2761,2176,5434,2002,2615,3243,2983,1491,1505,3382,d_262
2494,2049,4463,1742,2225,3208,2393,1414,1379,2835,d_263
2540,2026,4105,1576,1980,2793,2309,1448,1263,2401,d_264
2654,1978,4097,1621,1864,2847,2139,1482,1240,2480,d_265
3438,2958,4497,1707,2210,3247,2485,1770,1535,3283,d_266
4243,3402,5939,1971,2789,4246,2947,2050,1851,3713,d_267
4319,3124,6004,2262,2883,4277,3267,1800,1531,3409,d_268
2878,2111,4550,1782,2047,3347,2438,1287,1290,2786,d_269
2517,1958,4239,1564,1922,2720,2277,1308,1307,2625,d_270
2343,1990,3792,1622,2021,2879,2155,1613,1367,2360,d_271
2720,2099,4046,1554,1861,2881,2083,1626,1437,2675,d_272
3162,2623,4208,1725,2234,3219,2281,2030,1912,3486,d_273
4162,3375,5813,2374,2800,3761,2912,2336,1833,3853,d_274
4227,3610,5903,2317,2696,3774,3177,1562,1418,3169,d_275
2435,2258,3883,1615,1962,2843,2413,1311,1384,2591,d_276
2774,1995,4734,1591,2577,3003,2804,1618,1764,3179,d_277
2977,2071,4566,1613,2009,2833,2349,1270,1716,3404,d_278
3014,2218,4999,1741,2170,3201,2822,1646,2041,4050,d_279
3747,2383,5276,1846,1991,3380,2497,1792,1919,3765,d_280
4515,3545,6189,2044,3356,4207,3244,2395,2411,4981,d_281
4852,3435,6628,2487,3285,4612,3711,1729,1977,5171,d_282
3284,2387,5137,1846,2625,3427,2891,1328,1362,2991,d_283
3318,2128,4960,1581,1989,2609,2195,1397,1616,3395,d_284
2780,1992,4883,1787,2340,2958,2845,1316,1515,3676,d_285
3277,2221,5161,1716,1998,2922,2293,1554,1751,3254,d_286
3858,2812,4972,1880,2260,3372,2793,1931,1739,4138,d_287
4292,3454,5570,2016,3249,4340,3193,2349,2309,5150,d_288
4150,3440,6110,1884,3464,4551,3639,1858,1737,4515,d_289
3035,2204,4686,1740,2434,3089,2939,1415,1801,3430,d_290
2707,1975,4380,1798,2471,3155,2788,1470,1907,4050,d_291
2495,2081,4126,1579,2071,2870,2485,1655,1489,3077,d_292
2388,2171,4050,1635,2127,3000,2079,1152,1584,2928,d_293
3012,2459,4881,1754,2204,2973,2424,1845,1628,3327,d_294
4681,3413,6031,2019,2643,3898,2947,2026,1827,4060,d_295
4415,3280,5812,2039,2901,3991,3249,1651,1450,3965,d_296
3209,2303,4780,1921,2043,3185,2697,1411,1315,2710,d_297
3637,2268,4520,1622,2182,3200,2431,1586,1334,2874,d_298
3663,2582,5311,2031,3018,3976,3471,1567,1649,3519,d_299
1941,1155,3130,1130,2268,3131,1962,620,682,2408,d_300
3162,2490,3768,1306,1996,2602,2192,1900,1699,2883,d_301
3077,2792,4275,1618,1909,2696,2318,2147,1566,2894,d_302
3341,2677,4747,1949,2321,3284,2445,1749,1523,3098,d_303
2514,2215,3957,1815,1922,2472,1948,1442,1512,2581,d_304
2628,2004,3771,1590,1778,2470,2057,1352,1324,2610,d_305
2412,2015,3614,1414,1840,2616,1858,1483,1411,2426,d_306
2699,2163,4944,1766,2361,3072,2620,1654,2076,2913,d_307
3504,2503,5237,2082,2241,3052,2448,1930,2141,4589,d_308
4832,3853,6284,2384,3239,4187,3192,2407,2537,5214,d_309
4632,3267,6616,2209,2920,3973,3243,1960,1913,4345,d_310
3367,2354,5745,1707,2464,3254,2697,1859,1836,3937,d_311
2960,2152,4937,1724,2339,3430,2588,1556,1800,3781,d_312
2889,2068,4840,1797,2325,3107,2418,1557,1396,3056,d_313
3331,2342,4719,1741,1922,2811,1968,1562,1943,4008,d_314
3435,2611,5039,1900,2617,3408,2376,1814,1788,4450,d_315
4575,3500,6266,1989,2671,3701,2833,2308,2135,4808,d_316
4312,3185,6138,2321,3589,4225,3469,1687,1985,4832,d_317
3267,2373,5216,1835,2610,3565,3019,1444,1813,4009,d_318
2946,2320,4831,1636,2571,3665,2645,1516,1625,3158,d_319
2871,2318,4314,1459,2496,3428,2633,1445,1888,3942,d_320
3109,2476,4906,1724,2841,3807,2910,1577,2276,4018,d_321
3399,2465,4980,1853,2563,3496,2462,1866,1810,3991,d_322
4463,3494,5648,1917,3111,4000,2887,2315,2133,4191,d_323
4253,3430,5573,2178,2659,3745,2947,1787,1653,3862,d_324
3333,2387,4973,1917,2208,3174,2629,1744,1616,3087,d_325
3236,2549,4424,1814,2216,3048,2393,1848,1709,3025,d_326
3367,2774,4347,1694,2410,3295,2469,1750,1654,2902,d_327
3609,2608,4639,1850,2391,3558,2647,1850,1824,3206,d_328
4652,3026,5820,2267,2963,4254,2960,2262,2149,4293,d_329
3454,2431,4753,1919,3041,3611,3151,1658,1933,4007,d_330
0,7,1,0,0,0,2,0,3,0,d_331
3335,2653,4998,1404,2766,3419,2859,1576,1544,3478,d_332
3111,2439,4530,1695,2087,3033,2154,1439,1393,2770,d_333
3097,2271,4745,1624,2119,3066,2109,1603,1333,2824,d_334
3233,2505,4511,1512,2090,2859,2190,1540,1537,2564,d_335
4638,3136,6115,1874,2662,3784,2925,2076,2314,4128,d_336
4236,2548,5535,2046,2933,4142,3416,2254,2176,4465,d_337
2648,2174,3978,1418,2420,2773,2031,1114,1148,2103,d_338
3931,2987,6199,2035,2745,3722,2840,1802,2086,4706,d_339
3496,2036,5371,1837,2440,3372,2533,1530,1897,4239,d_340
3284,1852,4878,1498,2223,2827,2480,1606,1831,3342,d_341
3444,2040,5021,1778,2470,3336,2752,1576,1992,4090,d_342
3854,2506,4696,1753,2899,3603,2695,1983,2080,4336,d_343
4670,3368,6384,2212,3399,4555,3237,2362,2209,4747,d_344
4585,3234,7124,2318,3392,4409,3180,1753,1838,4889,d_345
3637,2257,5679,1845,2130,2813,2230,1451,1948,4216,d_346
3217,1990,5392,1593,2284,3304,2352,1477,1642,3389,d_347
2994,2062,4590,1824,2550,3272,2729,1908,2214,4901,d_348
2655,2066,4163,1665,2277,3086,2538,946,2001,3318,d_349
3550,2509,5193,1846,2814,4004,2690,1581,1678,3598,d_350
4271,3381,5904,2192,2976,4355,3151,2368,2380,5837,d_351
4111,3187,5993,2438,3361,4460,3515,1780,2042,5572,d_352
3670,2666,5546,2131,2769,3591,2658,1668,1815,4034,d_353
2824,1893,4234,1574,1874,2767,2284,934,1213,2590,d_354
2729,2097,4538,1808,2127,2727,2395,1733,1716,3478,d_355
2782,2020,4255,1632,2167,2720,2182,1528,1700,3048,d_356
3153,2401,4825,1823,2380,3546,2515,1429,2015,3117,d_357
5107,4045,6786,2480,3177,4427,3002,2661,2122,4771,d_358
3965,2690,5837,2047,2878,4406,3150,1909,1955,3750,d_359
2678,2029,4856,1802,2123,3152,2344,1348,1537,2833,d_360
2571,2125,4732,1681,1790,2787,2016,1584,1595,2668,d_361
2460,2034,4329,1799,1739,2598,1826,1455,1575,2593,d_362
2680,2124,4004,1663,1918,2775,2064,1529,1834,2646,d_363
3444,2451,4654,1804,2295,3243,2382,1766,1923,3237,d_364
4241,3801,5101,2263,2722,4429,3038,2373,2394,4000,d_365
4147,3527,6123,2304,2921,4178,3329,1726,1753,3569,d_366
2889,2064,4875,1917,2206,3232,2207,1513,1750,2535,d_367
2892,2170,5016,1758,1982,2814,2340,1508,1717,2927,d_368
3205,2295,5600,1831,2910,3733,2838,1733,2168,3538,d_369
3409,2150,5160,2085,2268,2961,2479,1464,2335,4304,d_370
4269,2675,6193,2126,2852,4036,3062,2136,2513,5242,d_371
5786,3959,7762,2622,3362,5120,3742,2771,2552,5353,d_372
4783,3176,6911,2279,3784,5341,4130,1946,2534,5191,d_373
3638,2251,5932,1977,2542,3610,2956,1468,2142,4165,d_374
3159,2163,5616,1847,2535,3573,2781,1494,1769,3171,d_375
3041,2164,5498,1865,2360,3216,2598,1509,2069,4259,d_376
3034,2440,5501,1808,2528,3350,2451,1646,2519,4650,d_377
3516,2671,6108,2130,2253,3365,2510,1605,2083,3622,d_378
5463,3959,7794,2445,3181,5212,3282,2534,2405,5482,d_379
5230,3776,7095,2458,3664,5101,3820,2250,2737,5773,d_380
3674,2394,5849,2037,2901,4359,3134,1567,1987,3773,d_381
2603,1884,4383,1547,2359,3291,2434,1453,1746,3400,d_382
2669,1975,4818,1532,2457,3463,2320,1630,1879,4135,d_383
2832,2004,4582,1566,2130,3139,2485,1640,1663,3154,d_384
3311,2524,5317,1770,2044,3095,2514,1792,1886,3351,d_385
4534,3714,6515,2109,2886,4423,3074,2461,2146,4760,d_386
4535,3351,6185,2088,3487,5083,3177,2133,1869,4430,d_387
3721,2714,6662,1915,2792,3425,2690,1442,1595,3262,d_388
2823,2003,5148,1721,2138,3147,2244,1510,1573,2883,d_389
2774,2224,4351,1498,2230,2881,1980,1679,1692,2806,d_390
2798,2366,4703,1639,2401,3005,2017,1630,1689,2963,d_391
3280,2840,5800,1787,2528,3165,2221,1634,1713,2902,d_392
4806,3550,6164,2035,2743,4248,2810,2806,2216,4391,d_393
4430,3365,6784,2063,3234,4886,3366,2253,1926,3974,d_394
2998,2212,5286,1810,2322,3550,2706,1631,1672,3083,d_395
2707,1942,4514,1663,2157,3022,2295,1500,1590,2969,d_396
2915,2216,4424,1682,2155,3156,2259,1621,1736,2638,d_397
3603,2452,5580,1710,2731,3752,2915,1817,2061,3611,d_398
4025,2955,6121,1969,2674,3631,2881,1727,2408,4152,d_399
5123,3850,7392,2234,3161,4998,3320,2503,2717,6021,d_400
5165,3746,8245,2503,3471,4612,3473,2100,2089,4921,d_401
3893,2306,6450,1846,2810,4367,2914,1607,2192,4318,d_402
3398,2392,5952,1972,2566,3749,2883,1579,2239,4802,d_403
3541,2282,5621,2000,2362,3572,2689,1488,1496,3557,d_404
3392,2400,5892,1826,2454,3340,2526,1692,1933,4304,d_405
3786,2999,6139,2075,2469,3503,2492,1948,1889,5022,d_406
5354,4000,7050,2289,3350,4693,3465,2361,2042,4955,d_407
5502,3997,7672,2724,3400,4928,3645,2020,1827,4897,d_408
3643,2417,6361,1787,3261,4191,3207,1623,1723,4288,d_409
2836,2025,5476,1690,2997,4386,3041,1691,1533,3425,d_410
2821,1987,5045,1589,2826,3796,2706,1451,1669,3951,d_411
3161,2341,4964,1751,3005,4312,2875,1774,2146,4423,d_412
3737,2358,5107,2001,2964,4073,2830,2069,1679,4133,d_413
4718,4287,6773,2257,2982,4314,3275,2584,1851,4863,d_414
4966,3674,6983,2034,3599,4824,3485,2054,1885,4190,d_415
3621,2553,5302,1862,2506,3594,3090,1535,1720,3404,d_416
2939,2243,5033,1632,2359,2973,2158,1586,1369,3241,d_417
2764,2063,4909,1750,2454,3292,2361,1808,1575,3251,d_418
3103,2187,4885,1676,2389,3280,2459,1722,1375,2939,d_419
3414,2998,5082,1845,2587,3792,2616,1792,1445,3484,d_420
5211,3462,6117,2081,3103,4826,3204,2556,2032,4497,d_421
5240,3497,7209,2456,3383,4834,3447,2003,1775,3999,d_422
3167,2359,5463,1920,2480,3549,2566,1239,1374,3065,d_423
2889,2079,4239,1661,2175,3219,2505,1572,1528,2782,d_424
2768,2417,4771,1864,2161,2932,2218,1590,1449,2613,d_425
2625,2267,4415,1595,2123,2918,2263,1554,1517,2602,d_426
4255,2703,5549,1961,2582,3732,2698,1900,1893,3459,d_427
4902,3705,6413,2686,2956,4861,3200,2688,2384,4668,d_428
5181,3757,6959,2467,3927,5636,3864,2032,1827,4133,d_429
3825,2509,6008,2067,2442,3539,2736,1609,1986,4638,d_430
4005,2635,6124,1921,3349,3831,3033,1658,2151,4326,d_431
3493,2423,5300,1994,2494,3411,2467,1548,1736,3452,d_432
3973,2441,5677,1989,2984,3681,2917,1666,1836,4204,d_433
5085,2904,6341,2237,3585,4856,3300,2274,2184,4779,d_434
6035,4306,8069,2922,4307,5775,4249,2922,2029,5024,d_435
3962,3506,6992,2257,4292,4896,3189,1516,1448,4152,d_436
3984,2499,6250,2065,2786,3946,2821,1626,1901,4115,d_437
3859,2105,5565,1736,2483,3858,2416,1674,1762,3342,d_438
3310,2467,5225,1766,2883,3798,2691,1588,1788,4059,d_439
3293,2452,4662,1563,2769,3486,2743,1720,1756,4124,d_440
4136,2722,5106,1845,3131,4182,2942,2111,1725,4038,d_441
5114,3791,6165,2270,3529,4956,3232,2214,1970,5305,d_442
4950,3603,5851,2257,3993,5435,3876,1967,1798,4977,d_443
3279,2362,5119,1892,2633,3321,2331,1485,1599,3651,d_444
2784,2000,4775,1620,2777,3389,2530,1525,1419,3248,d_445
2764,2238,4547,1809,2378,3312,2159,1316,1316,2860,d_446
3330,2194,4488,1793,2413,3338,2271,1212,1256,2529,d_447
4124,2675,5065,1875,2133,3477,2336,1807,1595,3056,d_448
5027,3888,6187,2234,3237,4741,2915,2377,1706,4396,d_449
5179,3552,6767,2295,3600,4701,3359,1987,1543,3781,d_450
2968,2374,4991,1884,2789,3351,2739,1558,1140,2876,d_451
3032,2287,4334,1892,2635,2963,2129,1525,1283,2768,d_452
2851,2127,4393,1681,2535,2944,2394,1405,1154,2964,d_453
3003,2194,4141,1676,2379,3153,2300,1645,1264,2775,d_454
3820,3001,4734,2016,2426,3730,2416,1944,1426,3464,d_455
4754,3570,5781,2016,3533,4431,2856,2606,1864,4236,d_456
4856,3546,6283,2219,3490,5027,3219,2039,1457,3988,d_457
3353,2477,4853,2053,2648,3442,2527,1616,1329,3058,d_458
3605,2540,5534,1914,3102,3603,2872,1699,1686,3735,d_459
3514,2464,5282,1707,2616,3342,2513,1654,1568,4579,d_460
3981,2463,5646,1991,3030,4167,2835,1927,1968,4951,d_461
4168,3149,5477,2003,2915,3863,2924,2133,1866,4434,d_462
4457,3634,5889,2254,4154,5050,3579,2389,2254,5541,d_463
5695,3998,6403,2463,4429,5615,3579,1869,2131,5347,d_464
4326,2600,6444,1947,3389,4434,3256,1445,1742,3894,d_465
3577,2530,6187,1951,2592,3438,2482,1545,1938,4193,d_466
3501,2393,5455,1885,2554,3953,2658,1467,2063,4275,d_467
3735,2407,5380,1817,2566,3195,2334,1546,1809,3375,d_468
4293,2916,5521,2054,2835,3743,2693,1878,2156,4725,d_469
5546,3609,6575,2130,3714,4953,3604,2369,2324,6048,d_470
4390,3166,5418,1833,3651,4766,3260,1757,1376,4152,d_471
3397,2288,5483,1952,2883,4062,2848,1450,2018,5202,d_472
3429,2380,5273,2062,2874,4082,2876,1633,2345,4804,d_473
3570,2369,4752,1899,2576,3433,2685,1771,1999,3623,d_474
3339,2327,4772,1781,2421,3197,2577,1717,1679,3513,d_475
4107,2871,5615,2204,2723,3842,2875,1831,2090,4153,d_476
4904,4066,6325,2105,3384,4623,3204,2386,2139,4793,d_477
5477,3717,6471,2482,3891,4940,3622,2068,2025,4821,d_478
3583,2079,5542,2078,2541,3466,2737,1718,1718,3343,d_479
2713,2391,5158,1702,2570,3397,2976,1811,1682,3102,d_480
2852,2230,4788,1690,2440,3366,2493,1673,1897,3194,d_481
3272,2264,4774,1808,2708,3614,2519,1746,1834,3424,d_482
4120,2783,5567,1941,2632,4104,3050,2119,2519,3962,d_483
4700,3303,5647,2103,3444,5175,3286,2405,2560,4616,d_484
4572,3164,5273,1757,3500,4692,3190,1841,2069,3795,d_485
4070,3278,5588,2061,3344,4732,3178,1633,2010,3513,d_486
3277,2409,5033,2215,2808,3636,2728,1594,1804,3116,d_487
2977,2239,5055,1807,2578,3388,2475,1517,2145,2969,d_488
3546,2687,5189,2079,2258,3383,2449,1872,2487,2859,d_489
4575,3244,6874,2113,3569,4735,3942,2421,3551,4505,d_490
5652,4165,7155,2488,3626,5148,3942,2413,4289,6065,d_491
5336,3703,7322,2775,3907,5374,3990,2165,3629,5709,d_492
3993,2514,6243,1931,2979,4098,3139,1534,2664,4199,d_493
3772,2408,6080,2039,2972,4179,3059,1740,3578,4179,d_494
3558,2337,5698,2070,3133,4070,2981,1647,3683,4410,d_495
3724,2338,6014,2026,3054,4446,3084,1714,2571,3564,d_496
4448,3066,6173,2096,2935,4284,2788,2372,3532,5207,d_497
4946,3501,7035,2359,3515,5383,4066,2359,4226,5919,d_498
5484,4081,8064,2645,4061,5707,4093,2121,3516,5172,d_499
4310,3001,7092,2372,3497,5002,3501,1895,3919,5047,d_500
3845,2915,5999,1917,3196,4050,2805,2034,4013,4300,d_501
3734,2799,5454,1953,2935,4179,3314,1857,2983,3722,d_502
3838,2773,5816,1966,2749,3696,3025,1822,3180,4917,d_503
4683,3605,6588,2211,3822,4812,3642,2613,4055,5767,d_504
5587,4044,7331,2569,3658,5497,3918,2861,3638,5335,d_505
4618,3711,6872,2144,3771,4987,3772,1944,2563,4657,d_506
3740,3000,6379,2022,3270,4031,3036,1969,2698,3955,d_507
3486,2663,5838,2091,2578,3861,2398,2109,2759,4184,d_508
3427,2691,5697,1802,2752,3844,2681,2092,2720,3762,d_509
3580,2809,5133,1982,2673,3569,2694,1961,2645,3718,d_510
4760,3390,5896,2009,3076,4314,3288,2471,2987,4286,d_511
4891,3889,6975,2038,3430,4857,3722,2336,3269,4603,d_512
5226,3769,7095,2246,3647,4984,3887,2048,3016,4591,d_513
3654,2634,5574,1931,2936,4136,3179,1676,2588,3539,d_514
3181,2265,5021,1901,2527,3679,2947,1842,2604,3404,d_515
3253,2398,5025,1845,2506,3599,2679,1937,2438,3205,d_516
3555,2566,5244,2001,2075,3646,2618,1809,2720,3351,d_517
4280,3372,5745,2124,2922,4305,3158,2326,3409,4736,d_518
5356,3883,6425,2297,3075,4637,3477,2635,3719,5090,d_519
5548,3790,6924,2315,4031,4772,3454,2091,3175,4599,d_520
4155,2689,6482,1912,2705,4055,2784,1844,4074,5163,d_521
4609,2852,6616,2070,3255,4312,3258,2121,4639,5810,d_522
3497,2721,5978,1748,2913,4052,2895,1735,2894,4223,d_523
3455,2700,5773,1747,2690,4022,2914,1979,4188,4940,d_524
4426,3130,6620,2008,3381,4434,3504,2060,4502,5926,d_525
4784,3581,7254,1995,3984,5217,3678,2233,3707,4998,d_526
5481,3541,7683,2467,3478,4720,3597,2282,4143,5280,d_527
4280,2608,6556,2276,2928,3765,2883,1762,3876,4836,d_528
3947,2781,6267,2103,2417,3464,2882,1914,2792,4020,d_529
3678,2529,5657,2060,2859,3816,2751,1745,3702,4275,d_530
3778,2711,5507,1845,2772,3510,2881,1640,3762,4671,d_531
4322,3298,6008,2015,3242,4196,3429,2106,3273,4693,d_532
4912,3917,6782,2208,3541,5151,3514,2511,4476,5336,d_533
4954,3784,7000,2365,4078,5322,3805,1881,4736,5764,d_534
3583,2691,6062,1811,2673,3859,2832,1627,3498,4384,d_535
3493,2557,5623,1859,2679,3230,2553,1637,2947,3840,d_536
3285,2581,5218,1750,2358,3353,2663,1766,2629,3313,d_537
3491,2902,5487,2165,2556,3783,2712,1681,2745,3342,d_538
4488,3061,5981,2273,2869,4460,3252,2155,2847,4016,d_539
5011,3784,6703,2313,3290,4841,3502,2439,3301,4360,d_540
5301,3713,7293,2427,3670,4930,3742,1908,2926,4042,d_541
3560,2686,5881,2067,2458,3480,2804,1445,2895,3588,d_542
3255,2773,5467,1724,2366,3574,2716,1639,2679,3286,d_543
3182,2516,5202,1905,2168,3533,2441,1597,2654,3156,d_544
3575,2512,5113,1896,2365,3367,2523,1551,2482,3154,d_545
3750,2887,5596,1868,2578,3944,2811,1915,3098,3393,d_546
3971,3486,5939,1977,2838,4609,3362,2057,2626,3723,d_547
4161,3499,6309,2042,3302,4729,3571,1786,2795,3953,d_548
3406,2320,5147,1877,2569,3346,2768,1692,2468,3340,d_549
3401,2651,5486,2030,2302,3527,2777,1707,2673,2977,d_550
3819,2651,5846,1805,3020,4279,3309,1832,3559,3850,d_551
4307,2751,6270,1947,2689,3899,3276,1675,4109,4337,d_552
4470,2969,6917,2237,3197,4306,3682,1925,4854,4954,d_553
5143,3821,7203,2266,3621,4849,4156,2046,3924,4247,d_554
5538,3629,7801,2304,3508,4979,4019,1751,4482,4998,d_555
4378,2875,6565,2185,3251,4373,3469,1480,4052,4396,d_556
3855,2450,5967,2087,2842,4009,3278,1530,3022,3354,d_557
3924,2538,5839,1936,2679,3408,2766,1352,3636,4223,d_558
3810,2623,6475,2000,2862,3967,3312,1530,3945,4484,d_559
4561,3212,6790,2283,2715,4133,2994,1761,3817,4199,d_560
5529,4162,7786,2141,3790,5265,4308,1859,4394,4847,d_561
5284,3946,7964,2481,4445,5609,4220,1675,4812,5362,d_562
3864,2702,6894,2187,3454,4772,3558,1407,3294,3898,d_563
3762,2652,6670,2019,2762,3673,3094,1674,4372,3634,d_564
3471,2840,6051,2069,3368,4179,3141,1622,4113,4643,d_565
3902,2885,6155,1943,3143,4252,2849,1842,3478,3956,d_566
4366,3353,5701,2247,2966,4426,3314,1965,3200,3919,d_567
5898,4022,7203,2323,3260,4815,3667,2230,3548,4555,d_568
5934,4176,7956,2571,3817,5165,4287,2005,3461,3992,d_569
3896,2889,6058,2013,2845,3944,3020,1421,2922,3402,d_570
3564,2780,5511,1940,2711,3578,2465,1654,2939,3064,d_571
3255,2753,5287,1984,2686,3515,2465,1528,2598,2851,d_572
3208,2616,4854,1776,2715,3661,2540,1626,2678,2878,d_573
3686,3267,5748,2016,2652,4333,2925,1871,2842,3704,d_574
5082,3979,6597,2333,3575,5083,3741,2030,3350,4194,d_575
5283,3734,7116,2314,4112,5176,4114,2159,3214,3799,d_576
3423,2509,5585,1970,2767,4113,2980,1617,2837,3209,d_577
3144,2245,5192,1865,2546,3551,2529,1723,2713,2964,d_578
2879,2528,5053,1756,2222,3386,2214,1425,2820,2818,d_579
3242,2423,4948,1855,2371,3439,2579,1615,2961,2870,d_580
4095,3288,5854,2357,2886,4204,3260,2120,4519,4509,d_581
5894,3922,7373,2207,4408,5278,4312,2367,4363,4506,d_582
5403,3818,6801,2265,3697,4967,3733,2065,4622,5448,d_583
5157,3720,7865,2332,4080,5166,4238,2149,4592,5226,d_584
3921,2286,6116,2045,2667,3482,2905,1550,2957,3950,d_585
3369,2306,5556,1874,2953,3698,2757,1640,3791,3910,d_586
3242,2586,5734,1904,3036,3869,2963,1444,3903,3894,d_587
4074,2818,6019,2099,3218,4339,3531,1703,3281,3693,d_588
4844,4078,7159,2493,3601,5241,3547,2175,4696,5384,d_589
5704,4097,8252,2394,4079,5502,4293,1778,5169,5381,d_590
3714,2584,6968,2201,2767,3992,2939,1385,2938,3484,d_591
3264,2757,5922,2032,2907,3494,2847,1550,4005,3592,d_592
3044,2408,5203,1721,2887,3306,2895,1449,4256,3849,d_593
3348,2578,5307,1844,2772,3740,2513,1555,3161,3324,d_594
4097,2959,5715,2224,2910,4032,3232,2050,4454,4686,d_595
5011,4334,6720,2492,4175,5317,4329,2568,5308,5705,d_596
5224,3991,7778,2487,3936,5512,4054,1972,4459,4873,d_597
3364,2465,5638,2072,3138,3902,3001,1527,3200,3553,d_598
3290,2382,5280,1965,2527,3469,2368,1600,3068,3327,d_599
2980,2269,4528,1736,2647,3078,2496,1506,2890,2935,d_600
3102,2526,4977,1841,2587,3321,2578,1559,3048,3018,d_601
3918,3006,5687,2208,3037,3906,2909,1881,3312,3770,d_602
5121,4264,6710,2488,3658,5390,3724,2379,3684,4471,d_603
5349,3646,6884,2479,3954,5210,3899,2080,3551,4310,d_604
3106,2441,5451,2143,2563,3498,3063,1563,2451,2897,d_605
2939,2321,5119,1978,2505,3398,2649,1418,2578,3074,d_606
2838,2198,5064,1635,2418,3201,2718,1390,2600,2870,d_607
2676,2457,5081,1788,2365,3266,2607,1503,2534,2954,d_608
3837,3187,5354,2172,2676,3658,2997,1881,3281,3613,d_609
4722,4039,7020,2383,3432,4693,3737,2286,3763,4906,d_610
5091,3669,7008,2542,3626,4765,3695,1834,3237,4269,d_611
3957,2486,6794,2491,3232,4340,3445,1454,3117,3525,d_612
3822,2550,6658,2083,2595,3585,2879,1487,3718,4453,d_613
3646,2530,6119,2002,2840,3779,3202,1382,4496,4224,d_614
3295,2422,5640,1980,2544,3325,2707,1501,3136,3525,d_615
3653,2854,6184,1868,2963,4039,3154,1658,4076,4139,d_616
5038,3762,7400,2376,3829,5217,3779,2020,5035,5584,d_617
5583,3410,7595,2409,3998,5027,4016,1644,3708,4482,d_618
4069,2646,6591,2087,2829,3470,3087,1295,3768,3948,d_619
3431,2274,5796,2001,2643,3630,3265,1306,4004,3945,d_620
3106,2488,5636,1744,2621,3463,2835,1329,3308,3439,d_621
3029,2318,4674,1805,2816,3691,2853,1436,3801,3575,d_622
3730,2809,5692,1978,3114,4055,3408,1668,3948,4650,d_623
4226,4009,6716,2285,4105,5363,4166,1957,4422,4977,d_624
4773,3983,6939,2204,3929,5247,4007,1437,4383,5335,d_625
3348,2403,5279,1942,3363,4318,3475,1090,4475,3991,d_626
2870,2222,4985,1645,2426,2987,2871,1149,3333,3381,d_627
2938,2231,4800,1737,2464,3471,2798,1000,2977,2687,d_628
2784,2145,4808,1814,2583,3280,2555,903,2472,2825,d_629
3326,2701,5008,1955,2546,3735,2828,1182,3099,3331,d_630
4226,3903,6431,2104,3492,4533,3414,1242,3484,3860,d_631
4554,3704,6965,2137,3481,4996,3732,829,2836,3753,d_632
3035,2370,5282,1746,2578,3488,2710,582,2299,2622,d_633
2845,2303,4456,1645,2324,3213,2630,684,2511,2808,d_634
2566,2119,4299,1562,2359,3470,2372,607,2374,2662,d_635
2764,2364,4043,1650,2109,3379,2319,318,2493,2873,d_636
3361,2730,4567,1803,2326,3929,2466,3994,3301,3386,d_637
4297,3665,5891,2146,2998,4482,2950,4298,3799,4021,d_638
4627,3332,6364,2134,3165,4624,3121,3332,2870,3615,d_639
3212,2165,4807,1830,2222,3415,2523,2423,2529,2455,d_640
2926,2766,4966,1841,2203,3515,2348,2197,2681,2637,d_641
2319,2060,4240,1365,2206,3072,2426,2316,2566,2405,d_642
3176,2503,5062,1809,2679,3629,2837,2822,3393,3141,d_643
3914,2756,5862,1724,2604,3737,2939,3376,4040,4562,d_644
4839,4027,7068,2269,3361,4819,3625,4319,5236,5516,d_645
5096,3667,7385,2449,3657,4806,3628,3522,3945,4390,d_646
3638,2265,5665,1855,2838,3446,3185,2306,4122,3737,d_647
3003,2090,5198,1787,2558,3519,2576,2238,4092,3453,d_648
3226,1978,5165,1885,2634,3585,2861,2200,3184,2965,d_649
3156,2278,5029,1791,2451,3172,2731,2605,3932,3612,d_650
3894,2681,5494,1951,3000,4066,2945,3226,4107,4358,d_651
5075,3775,7100,2178,3305,4790,3372,4191,4110,4988,d_652
4781,3325,6958,2106,3763,5236,3744,3997,4684,4923,d_653
3505,2480,5339,1986,2818,3606,3011,2640,3847,3981,d_654
2886,1986,4588,1707,2557,3433,2517,2211,3175,3248,d_655
2495,1949,4373,1579,2339,3020,2398,2434,3537,3711,d_656
2778,2173,4336,1663,2936,3430,2442,2697,3716,3542,d_657
3566,2628,4985,1817,2731,3452,2498,2879,3423,3637,d_658
4817,3581,6169,2134,3370,4758,3169,4081,4072,4290,d_659
4441,3388,6340,2147,3162,4580,3178,3058,3202,4080,d_660
3385,2264,5149,1993,2565,3461,2777,2135,2818,2783,d_661
3585,2183,5191,2021,2626,3776,2675,2350,2715,3152,d_662
3843,2386,5513,2222,3666,4644,3553,2781,3365,3235,d_663
2054,1150,3568,1230,2802,3349,2108,1354,1474,2820,d_664
2369,2651,3414,1283,2159,2765,2090,2140,2075,2477,d_665
2964,2770,4870,1660,2810,3515,2530,3091,2537,3269,d_666
3639,2877,5278,1974,2935,3866,2831,3151,2879,3302,d_667
2931,2078,4594,1960,2287,3052,2433,2130,2437,2574,d_668
2657,2148,3901,1715,2018,2701,2118,2169,2569,2493,d_669
2456,1905,3937,1511,1869,2850,2024,2063,2406,2524,d_670
2277,2067,3800,1795,1992,2691,2070,2302,2489,2385,d_671
3079,2161,4557,1743,2517,3561,2743,2712,3717,3599,d_672
5085,3900,6741,2454,3664,4890,3854,3829,3834,4245,d_673
4097,3224,6518,1989,3613,4898,3533,3465,4361,5242,d_674
3804,2764,5623,2167,2897,4052,3114,2866,3789,4261,d_675
2983,2344,5023,1822,2243,2933,2405,2700,3072,3294,d_676
2834,2137,4802,1766,2682,3580,2817,2921,3932,3713,d_677
3141,2343,4948,1691,2830,3590,2488,2503,3936,3654,d_678
3762,2745,5297,1936,3152,4003,2795,3076,3294,3534,d_679
4849,3411,6365,2109,3561,4750,3328,3842,4389,4969,d_680
4702,3496,6596,2370,3762,5049,3721,3439,4689,4702,d_681
3682,2493,5630,2225,2533,3039,2516,2428,3157,3386,d_682
3004,2276,5004,1870,2407,3575,2386,2277,3819,3680,d_683
2856,2038,4617,1636,2728,3505,2588,2320,4006,3722,d_684
2856,2134,4712,1779,2767,3504,2621,2201,3158,2939,d_685
3467,2622,4739,1758,2717,3719,2783,3336,4115,3646,d_686
4475,3586,6021,2206,3648,5069,3630,4038,4895,4822,d_687
4542,3705,6110,2381,3552,4881,3388,3394,3844,4256,d_688
3188,2197,5115,1954,2848,4045,2864,2568,2982,3264,d_689
3277,2411,5173,1854,2714,3678,2823,2528,2831,2965,d_690
2968,2417,4495,1591,2683,3879,2778,3328,3884,3759,d_691
3266,2594,4910,1870,2919,3892,2760,2129,3275,3257,d_692
3748,2975,4959,2002,2817,3739,2987,3298,2989,3334,d_693
4528,3637,6147,2357,3361,4566,3184,4446,3666,4123,d_694
4171,3041,5929,2335,3879,4723,3282,3861,3678,4088,d_695
3370,2517,5451,2022,3117,4260,3027,2426,3230,3203,d_696
0,2,4,0,0,0,2,0,3,0,d_697
2862,2600,4987,1623,2953,4020,3047,2338,2475,2796,d_698
2973,2707,4819,1790,2441,3483,2583,2583,2704,3003,d_699
3378,2671,5124,1628,2816,4300,2875,2731,3386,3438,d_700
3978,3095,6197,1934,3057,4189,3573,3498,3916,3717,d_701
4364,2924,5727,2008,3274,4218,3309,2947,3230,3698,d_702
3789,2356,5385,2185,3027,4285,3264,3079,3926,3740,d_703
2552,2124,3580,1384,2362,3402,2570,1918,2187,2008,d_704
3532,2464,5510,1746,2337,3367,2683,2650,4224,3671,d_705
3957,2468,5999,1778,2796,4064,3209,2630,5086,4254,d_706
4134,2605,5828,1959,2572,3529,2760,2836,3984,3535,d_707
4673,3507,6842,2079,3478,4583,3249,4207,5581,5088,d_708
4855,3174,7306,2438,3508,5400,3797,3475,5068,4973,d_709
3738,2421,5716,1930,3085,4250,3309,2492,3559,3017,d_710
3279,2257,5828,1734,2384,3099,2552,2123,4211,3753,d_711
2780,1936,4945,1726,2321,2804,2394,2353,4510,3763,d_712
3308,2135,5307,1865,2548,3353,2501,2230,3534,3012,d_713
3807,2780,5169,1731,2692,3800,3029,3091,4271,4106,d_714
4781,3689,6913,2398,3532,5611,3809,3893,5810,5442,d_715
4465,3544,7073,2178,3751,4906,3712,2982,3861,3735,d_716
3048,2249,5048,1806,2282,3304,2821,2393,4317,3346,d_717
2891,2347,4618,1778,2498,3212,2603,2599,4776,3579,d_718
2731,2264,4922,1681,2322,3408,2462,2180,3522,3310,d_719
2891,2412,4713,1838,2125,3348,2450,2589,3108,2896,d_720
3698,2747,5134,1916,2646,3616,2948,2967,3297,3843,d_721
4801,3805,6535,2530,3300,4806,3335,4241,4251,4663,d_722
4084,3034,6065,2016,3505,4793,3195,3452,3322,3575,d_723
3566,2789,5458,2036,2662,3758,2802,2148,3001,2667,d_724
2764,2029,4816,1759,2191,2928,2397,1712,2521,2439,d_725
2652,1959,4354,1704,2218,3022,2156,2206,2761,2562,d_726
2778,1791,3872,1636,2112,2945,2437,2102,2431,2863,d_727
3278,2925,4937,1994,2421,3328,2475,2496,2829,3169,d_728
4742,4104,6517,2295,3306,4268,3414,3920,3910,4217,d_729
4444,3664,6582,2516,3323,4662,3237,2744,3471,3784,d_730
3054,2099,4716,2055,2571,3117,2660,2016,2913,2595,d_731
2869,2037,4615,1737,1983,3068,2153,1749,2698,2640,d_732
2389,2235,3996,1643,2015,2787,2269,1571,2486,2132,d_733
2984,2549,4376,1876,2213,2957,2307,2087,2794,2608,d_734
4526,3206,5718,2373,3356,4537,3389,2852,4785,4334,d_735
6232,4463,7934,3102,3774,5703,3865,4488,5660,5811,d_736
4018,2799,6098,2450,3958,4995,3721,3349,5002,5168,d_737
3092,2051,5364,2041,2291,3437,2933,1680,3020,3083,d_738
2966,2385,4705,1854,2835,3867,2731,2242,4093,3955,d_739
3097,2124,4765,1938,2675,3364,2738,2616,4392,4228,d_740
3294,2242,5046,1846,2804,4175,2951,1557,3143,2641,d_741
3879,2664,5450,1993,2964,4124,3193,2596,4611,4072,d_742
5346,3793,6153,2196,3671,5503,3920,4156,5380,5734,d_743
5499,3856,5449,2568,4019,5674,4027,3611,4654,4553,d_744
4054,2590,6264,1956,2803,4269,2974,2344,5070,4293,d_745
3242,2451,5705,1893,2741,4419,3246,2368,5447,4629,d_746
3514,2674,5925,2034,3483,5124,3402,2936,4906,4553,d_747
2820,2324,4276,1776,2525,3533,2522,2377,4498,3558,d_748
4121,2814,5196,2047,3222,4240,3169,3094,5605,4752,d_749
4931,3943,6403,2286,3856,5122,3807,4249,5427,5133,d_750
4884,3367,6663,2336,4003,5962,4129,3966,4496,4847,d_751
3947,2908,6040,2181,3109,4042,3335,2332,3423,3321,d_752
2867,2091,4805,1846,2683,3696,2790,1938,2743,2789,d_753
3232,2489,4766,1746,2741,3490,2619,2358,3557,3203,d_754
3408,2375,4856,1619,2872,3682,2743,2597,3985,3271,d_755
4098,2934,5303,1836,2776,4097,2792,2137,3712,2878,d_756
4835,4521,6667,2325,3559,4987,3520,4059,4272,4286,d_757
4711,3961,7109,2577,4063,5909,3722,3667,4130,4293,d_758
3416,2596,5587,2114,2701,3857,2794,2321,3293,3341,d_759
2850,2179,4697,1870,2570,3356,2641,1768,2799,2598,d_760
2953,2346,4653,1892,2632,3444,2427,1723,3101,2713,d_761
3124,2474,5031,1996,2462,3522,2446,2544,3390,3385,d_762
4091,3457,6273,2271,3317,4562,3404,3463,3978,4635,d_763
5468,4669,7938,2419,4038,5628,3534,4599,5416,6063,d_764
5520,3848,7599,2820,4285,5454,3754,3638,5787,5542,d_765
3678,2552,6081,2099,3041,4153,2827,2655,4473,4258,d_766
3182,2517,5578,1804,2782,3880,2989,1460,4005,3039,d_767
3188,2183,5244,1780,2806,3811,2707,2245,4051,4013,d_768
3070,2358,4405,1755,2830,3644,2881,2303,3003,3521,d_769
3943,2834,5728,2199,1743,4018,2881,2714,3886,4346,d_770
4998,4059,6932,2345,3630,5025,3617,3777,5056,5450,d_771
4903,4163,7336,2466,3809,4961,3570,3289,5091,4520,d_772
3638,2630,6095,2185,3312,4782,3237,2051,4651,3857,d_773
3085,2514,5134,2035,3173,4073,3010,2286,4409,4073,d_774
2908,2335,5355,1934,2878,4315,2899,2287,3621,3276,d_775
3214,2480,5259,1951,2718,3799,2893,2338,4403,4112,d_776
3958,3196,5521,2214,2955,4640,3166,2899,4772,4180,d_777
4974,3824,6545,2383,3452,5149,3275,4254,4749,5047,d_778
4889,3903,7107,2340,3702,5033,3626,3709,3969,4292,d_779
3033,2265,5780,2184,2799,4080,3044,1990,3102,3088,d_780
2950,2319,4789,1793,2456,3630,2622,2134,3075,3244,d_781
3215,2414,5112,1975,2513,3335,2470,2330,3140,2952,d_782
3188,2343,4990,2040,2531,3589,2678,2429,2908,2946,d_783
4067,3244,5196,1948,2742,4262,2465,3075,2956,3213,d_784
4724,3988,6256,2567,3417,4680,3170,4046,3911,3861,d_785
4793,3847,6295,2281,3451,5246,3360,3526,3967,3867,d_786
3366,2571,5056,2058,2435,3665,2635,2122,2657,3102,d_787
3110,2291,4907,1790,2378,3678,2409,2405,2979,2685,d_788
2973,2486,4912,1869,2349,3443,2396,2251,2778,2801,d_789
3645,2601,4924,1855,2404,3481,2338,2603,3028,2775,d_790
4468,3296,5651,2317,3322,4593,3408,3400,3788,3824,d_791
5978,4030,7036,2901,3750,5219,4032,4616,4508,4340,d_792
4279,3747,3352,2391,3989,4887,3023,2303,2976,3501,d_793
3545,2687,6219,1976,3027,4522,3196,2269,3520,3561,d_794
3675,2642,6163,1911,2543,3541,2874,2408,4543,4342,d_795
3924,2835,6024,1976,2223,3991,2848,2619,4914,4240,d_796
3938,2760,5419,1992,3020,3398,2507,2267,3566,3307,d_797
4388,2944,6548,2193,2942,4459,3118,2911,4345,4208,d_798
5385,4289,6971,2550,3832,5405,3639,4176,5494,5080,d_799
5683,3997,7769,2888,4274,5869,3822,3270,4293,4579,d_800
3901,2544,5897,2296,2835,4164,3105,2151,4516,3608,d_801
3809,2458,6188,2109,2879,4186,2987,1857,3934,3343,d_802
3653,2420,5896,2261,2609,3344,2439,2142,3692,2985,d_803
3641,2422,5673,1911,2614,4060,2828,2228,3984,3331,d_804
3825,3078,5900,1979,2894,4160,2959,2825,4662,3800,d_805
4737,4004,7137,2382,3982,5096,3458,4011,4520,4318,d_806
5072,3852,6924,2462,4071,5366,3494,3726,5378,3645,d_807
3428,2508,5700,2171,3391,4228,3426,2323,3920,3007,d_808
3016,2562,5748,1854,2638,3540,2815,2324,3772,2770,d_809
3079,2316,5300,2041,2493,3448,2532,1989,3339,2278,d_810
3051,2502,5157,1919,2355,3256,2547,2184,3069,2434,d_811
3887,3030,5685,2208,2645,4149,2841,2301,3344,2739,d_812
4923,4078,6862,2330,3503,5106,3277,3519,4047,3212,d_813
5031,3821,7463,2808,3534,4951,3051,3014,3278,2980,d_814
3625,2652,5712,2262,2660,3539,2736,1991,2580,2194,d_815
3037,2220,5432,1870,2604,3402,2466,1705,2329,1994,d_816
3073,2389,5262,1818,2470,3039,2487,2263,2494,2312,d_817
3194,2517,4906,1916,2280,3224,2293,2224,2560,2362,d_818
3843,2973,5150,2127,2763,3936,2724,2352,2804,2534,d_819
4665,3889,6341,2290,2311,3635,2678,3145,3342,3033,d_820
4723,3665,6994,2646,3949,4982,3276,2898,2847,2922,d_821
3338,2437,4975,2153,2377,3014,2478,2103,2376,2194,d_822
3276,2609,5200,2173,2389,3089,2646,1807,2688,2267,d_823
3456,2778,5876,2176,2885,3314,2998,2289,3210,2376,d_824
3604,2617,5882,2111,2324,3402,2399,2052,4225,3125,d_825
4455,3147,6440,2417,2816,3933,2901,2816,4421,3604,d_826
5225,4108,6672,2765,3211,4352,3237,3321,4349,3572,d_827
5504,3846,7015,2562,3851,5063,3391,3349,5014,3608,d_828
4257,2555,6920,2255,2746,3984,3117,2250,4159,3125,d_829
3645,2704,5839,2120,2862,3706,2927,1974,3242,2654,d_830
3542,2435,5429,2023,2806,3654,2646,2213,3613,2985,d_831
3633,2570,5726,2029,2740,3871,2835,2311,4205,3018,d_832
4292,2896,6021,2253,2365,3641,2513,2766,3496,3254,d_833
6041,3996,7547,2476,3457,5193,3678,3991,4819,4187,d_834
4486,3317,6384,2227,3702,4484,3193,2536,3814,3247,d_835
3791,2363,6371,2365,3359,4450,3275,2257,3617,2761,d_836
3564,2433,6192,2098,2594,3839,3024,2154,4128,2859,d_837
3492,2697,5797,2172,3254,3934,2802,2609,4543,3311,d_838
3701,2508,5245,2108,2981,3638,2881,2541,3603,2731,d_839
4126,2982,5569,2259,3104,4011,2940,3036,3831,2824,d_840
4746,4048,6884,2342,3865,5415,3509,3433,3608,2980,d_841
5470,3801,7554,2808,4168,5396,3776,3468,3248,2984,d_842
4063,2658,6203,2513,3014,4054,3028,2423,3112,2578,d_843
3626,2563,5228,2062,2621,3595,2715,2446,3041,2389,d_844
3473,2625,5128,1870,2545,3549,2818,2168,2729,2030,d_845
3580,2994,5111,2331,2517,3579,2657,2677,2861,2595,d_846
4390,3355,5576,2466,2763,4435,3027,2989,3203,2877,d_847
4766,3981,6126,2297,3473,5080,3263,3263,3637,3257,d_848
4416,3580,6076,2272,3401,4997,3249,2720,2750,2588,d_849
4390,3807,6402,2434,3237,4750,3152,2844,2748,2513,d_850
3575,2691,5443,2215,2269,3569,2770,2206,2480,2080,d_851
3104,2400,4846,2000,2228,3177,2239,2210,2444,2319,d_852
3439,2402,4893,1927,2554,3318,2457,2237,2530,2368,d_853
4393,3399,6012,2409,2700,4035,2911,2986,4020,3221,d_854
5654,3998,7176,2931,3982,5810,4037,3907,3835,3478,d_855
5987,4157,8187,3169,3503,5632,3733,3586,5329,4219,d_856
4602,2992,6893,2337,3146,4460,3574,2674,4784,3783,d_857
3857,2983,6232,2104,2806,3800,2940,2454,3641,2992,d_858
4174,2959,6441,2065,3705,3919,2955,2493,4031,3169,d_859
3048,2850,5885,2313,2981,4538,3001,2695,3730,3125,d_860
4783,3428,6594,2302,3177,4715,3388,2886,3466,2863,d_861
5714,4221,8003,2550,3772,5103,3387,3688,4785,3424,d_862
6091,4308,8736,2738,3766,5578,3973,3671,5101,4202,d_863
4672,2807,7537,2614,3178,4262,3011,2397,3418,2873,d_864
3859,2708,6113,2390,3133,4413,2766,2418,3783,3042,d_865
3765,2632,5851,2091,3053,4089,2910,2430,4243,2878,d_866
3910,2869,5782,2349,3206,4279,3039,2535,3509,2710,d_867
4782,3550,6555,2395,3168,5010,3028,3220,4521,3538,d_868
5526,4177,7244,2498,4133,5824,3555,3909,5228,4215,d_869
4718,3638,6787,2431,4074,5072,3531,2824,3352,3263,d_870
3816,2684,6403,2350,3017,4183,3040,2405,3392,2828,d_871
3772,2472,5802,2177,2768,3763,2686,2262,3022,2453,d_872
3350,2807,5639,2217,2731,3868,2633,2500,2875,2450,d_873
3770,3032,5516,2134,2810,3723,2667,2440,3156,2523,d_874
4870,3109,6308,2392,2920,4379,3159,3094,3363,3109,d_875
5213,4128,7192,2499,3799,5222,3784,3515,3708,3216,d_876
5505,4385,7651,2431,4083,5231,3952,3410,3388,3239,d_877
3985,2802,6080,2649,3051,4101,3228,2526,3028,2668,d_878
3641,2847,5820,2312,2728,3623,2894,2301,2966,2471,d_879
3719,2679,5331,2167,2510,3725,2788,2338,2794,2305,d_880
3635,3085,5589,2269,2713,3862,2559,2466,2964,2315,d_881
4895,3631,6528,2558,2870,4402,3081,2824,3203,2761,d_882
5485,4639,8354,2886,3520,5584,3652,3567,3848,3414,d_883
5782,4135,8163,2964,4085,5585,3869,3494,3245,3501,d_884
5052,3091,7599,2558,3255,4559,3683,2489,3674,2756,d_885
4745,3195,7238,2527,2817,3894,2837,2506,3940,3543,d_886
5295,3617,8136,2846,3139,4922,3583,3353,4850,4258,d_887
4607,3066,7170,2444,3325,4845,3078,2295,3062,2891,d_888
5104,3626,7053,2341,3309,4930,3445,3216,4195,3588,d_889
4853,3636,7123,2231,3656,5352,3758,3014,4438,3771,d_890
6065,3760,8035,2835,4011,5215,4131,2975,3881,3716,d_891
4430,2662,6899,2484,2903,4184,3039,2471,4625,3763,d_892
4176,2776,6717,2435,2957,4368,3080,2737,4824,3183,d_893
4183,2847,6803,2206,2707,3769,2608,2616,3938,2902,d_894
3976,2825,5824,2298,3085,4465,3268,2781,4522,3317,d_895
4910,3292,6412,2293,3685,5046,3514,3211,4941,3975,d_896
5275,4045,7117,2610,4256,5832,4139,3691,4278,3942,d_897
6037,4153,7497,2607,4084,5604,3748,3617,4826,4499,d_898
4116,2658,6096,2663,3210,4495,3378,2926,4599,3483,d_899
3851,2741,5689,2221,2585,3913,2870,2771,4263,3033,d_900
3764,2959,5708,2077,2538,3749,2741,2678,3430,2823,d_901
3892,3011,5808,2260,2582,4104,3054,2910,3311,2989,d_902
4674,3332,5898,2479,2556,4455,2897,3074,3519,3310,d_903
5538,4275,7319,2600,3119,5166,3236,3539,3523,3212,d_904
5913,4230,7857,2560,3406,5490,3643,3140,2917,2883,d_905
3938,2566,5996,2281,2618,4097,2919,2458,2770,2560,d_906
3885,2590,5958,2157,2652,3827,2941,2448,2609,2237,d_907
3693,2861,5497,2296,2638,4357,2667,2393,2824,2242,d_908
3748,2926,5974,2359,2371,4043,2783,2533,2645,2434,d_909
4248,3571,6244,2289,2814,4636,3319,3188,3417,3117,d_910
4708,4311,7509,2758,3311,5170,3879,3505,3418,3103,d_911
5291,3936,7187,2639,3702,5484,3484,3148,2691,2918,d_912
4008,2594,5994,2526,2800,4198,2877,2091,2378,2297,d_913
3702,2801,5437,2153,2530,3650,2764,2339,2573,2213,d_914
3611,2807,6026,1997,2473,3785,2586,2589,3060,2321,d_915
4382,3240,6908,2132,3476,4625,3640,2397,3354,3155,d_916
5314,3343,6880,2337,3246,4770,3705,3026,4589,4453,d_917
5888,4194,7667,2713,3905,5875,3819,3571,5135,4338,d_918
5541,4062,8137,2699,3927,5927,3690,2915,3903,3638,d_919
4726,2826,7259,2309,3381,4701,3546,2362,4532,3507,d_920
4153,2722,6178,2242,3149,4365,3445,2624,4430,3386,d_921
4360,2624,6541,2191,3308,4360,3230,2486,3207,2772,d_922
4249,2717,6419,2163,2829,3809,3027,2496,4265,2912,d_923
4789,3177,6881,2438,3416,5514,3634,2898,4371,3581,d_924
6308,4358,7841,2544,3735,5370,3847,3466,3990,3453,d_925
6276,4111,7667,2722,4218,5938,4605,3305,4795,3883,d_926
4561,2733,6829,2494,3231,4516,3485,2875,4426,3603,d_927
3775,2571,6336,2256,3208,4287,3949,2521,3441,2800,d_928
3762,3066,5641,2410,2671,3565,2640,2680,4211,3086,d_929
4118,2844,5982,2269,3086,4331,3557,2788,5096,3572,d_930
4821,3266,6529,2169,2142,4640,3106,3175,4637,3540,d_931
5603,4636,7359,2820,3762,5250,3844,3495,4080,3582,d_932
5691,4301,8088,2803,3821,5513,3933,3185,3853,3706,d_933
4215,3042,6958,2347,2638,4238,3254,2742,3076,2727,d_934
3539,2895,6227,2218,2697,3604,2609,2423,2881,2532,d_935
4259,2843,5719,2050,2970,3628,2842,2649,3039,2634,d_936
3840,2981,5499,2257,2865,3633,2850,2624,2824,2420,d_937
4316,3324,6546,2479,3263,4393,3639,3058,3270,2825,d_938
5596,4835,7445,2699,4112,5570,4165,3386,3568,3460,d_939
6948,4595,8632,3100,4458,5614,4285,3555,3686,3704,d_940
3883,2811,6409,2332,2721,4101,3017,2647,3210,3069,d_941
3530,2687,6113,2242,2624,3778,2930,2637,3492,2930,d_942
3490,2794,5916,2181,2798,3903,2793,2650,3164,2767,d_943
3600,2827,5869,2225,2643,3463,2570,2547,3167,2799,d_944
5198,3696,6866,2671,3417,4244,3432,3466,4603,4028,d_945
6544,4588,7869,2994,3858,5713,4272,3773,4278,4083,d_946
6053,4204,7718,2527,4292,5527,4282,3096,3861,3181,d_947
5838,4083,8518,2945,3684,5478,3990,3569,4751,4216,d_948
4324,2600,6780,2389,2823,4323,3572,2843,4410,3735,d_949
3805,2940,5879,2292,2659,3882,2749,2293,3732,3097,d_950
3826,2925,6318,2084,3051,4187,3251,2333,4230,3220,d_951
4618,3571,6592,2269,3173,4367,3185,2819,4541,3549,d_952
5756,4691,8176,2812,4295,5815,4316,3401,4370,3968,d_953
6703,4338,9338,3224,4240,6210,4430,3592,5213,4452,d_954
4653,3043,7422,2498,3216,4419,3440,2547,4734,3793,d_955
4169,2804,6992,2444,2824,3346,2823,2376,4087,2798,d_956
3695,2788,6707,2192,2922,4099,3152,2900,4421,3319,d_957
3770,3037,6222,2034,3283,4232,2969,2650,4739,3831,d_958
4568,3283,6712,2588,3356,5138,3955,3024,4645,3702,d_959
5627,4525,7763,2569,4460,5862,4135,4157,5470,4598,d_960
5812,4455,8509,3104,4585,6147,4419,3831,5705,4403,d_961
4164,2668,7340,2417,3125,3918,3548,2474,3882,3239,d_962
3865,2700,6014,2253,2577,3701,3049,2118,3504,2790,d_963
3547,2588,5851,2126,2591,3717,2908,2208,3316,2429,d_964
3621,2596,5794,2137,2645,3461,2783,2102,3160,2524,d_965
4631,3374,6385,2541,2718,3728,2765,2918,3808,3413,d_966
5875,4505,7447,3127,3902,5275,4245,3712,4507,3406,d_967
6214,4560,8219,2826,4092,5343,4087,3561,3844,3464,d_968
3949,2771,6299,2129,2848,3759,2816,2476,3273,2464,d_969
3765,2620,5890,2419,2560,3506,2764,2251,2936,2353,d_970
3235,2334,5665,2121,2612,3391,2729,2467,3065,2340,d_971
3473,2910,5601,2078,2760,3388,2504,2362,3056,2516,d_972
4099,3165,6104,2250,2748,4374,2925,2872,3898,3067,d_973
5665,4562,6919,2675,3527,5504,3878,3582,4621,3508,d_974
6194,4176,7293,3125,3908,5180,3652,3421,4016,3431,d_975
4217,2650,5955,2563,2532,3536,3006,2361,3316,2757,d_976
4454,2779,6153,2331,3126,4406,3674,2727,3954,3126,d_977
3516,2861,5966,2117,2542,3538,2983,2362,4480,3535,d_978
4062,2944,5942,2086,3088,3928,3619,2660,5244,3642,d_979
4735,3308,6741,2246,2854,3823,3384,2672,4205,3366,d_980
5737,4671,8179,2769,4057,5468,4115,3788,5723,4270,d_981
5877,4398,8847,2923,4298,5647,4723,3315,5434,4426,d_982
4582,2891,6858,2428,3084,4345,3571,2406,3589,3249,d_983
4110,2661,6630,2236,2714,3642,2883,2263,4203,3202,d_984
3994,2544,6346,2124,2854,3581,3002,2507,4483,3311,d_985
4142,2856,6543,2492,2834,3576,2515,2491,3819,2751,d_986
4396,3159,6281,2276,3108,4270,3248,2902,4836,3617,d_987
5330,4239,7392,2559,4101,4726,3731,3871,6033,4599,d_988
5767,4128,7866,2704,4294,5809,3961,3337,4718,3759,d_989
4173,2748,6208,2463,3156,4222,3453,2449,4658,3306,d_990
3276,2500,5911,2044,2799,3656,3226,2352,4423,3026,d_991
3383,2725,5722,2157,2545,4209,2565,2517,4069,2785,d_992
3406,2838,5514,2208,2627,3531,2253,2372,3316,2473,d_993
4281,3278,5788,2268,2726,3589,2826,2836,3690,3055,d_994
5147,4180,7226,2495,3462,4991,3602,3489,4028,3423,d_995
5914,4291,7833,2650,3756,4880,3534,3185,3805,3504,d_996
3742,2500,6006,2514,2821,3638,2883,2399,3011,2345,d_997
3349,2474,5307,2428,2311,3172,2645,2194,2859,2218,d_998
3363,2446,5270,1953,2408,3428,2709,2383,3216,2349,d_999
3072,2513,5348,2133,2439,3252,2620,2574,3066,2243,d_1000
3955,3078,5745,2179,2510,3954,2680,3155,3821,2800,d_1001
5353,4273,7021,2396,3417,4652,3457,4095,4063,3727,d_1002
5471,3873,7485,2630,3687,4871,3655,2643,3352,2998,d_1003
3943,2578,6133,2495,2657,3712,3002,2096,2845,2597,d_1004
3409,2710,5494,2167,2395,3180,2434,2318,2934,2488,d_1005
3748,3223,6158,2329,2596,3558,2475,2098,2861,2090,d_1006
2982,2253,4552,1935,2273,2953,2399,2244,3123,2320,d_1007
4474,3106,6514,2445,3129,4703,3669,3229,4673,3785,d_1008
5425,4252,8155,2694,3619,4917,3792,3890,5794,4555,d_1009
6180,4014,8482,2819,3983,5420,3763,3795,5624,4293,d_1010
4061,2328,6696,2291,2430,3632,2983,2295,3456,2800,d_1011
3835,2577,6145,2126,3034,3803,3013,2157,4307,3090,d_1012
3556,2497,6032,2067,2612,3395,3136,2309,4600,2826,d_1013
3500,2431,5958,2001,2768,3887,2827,2336,3589,2656,d_1014
4126,2705,6247,2262,2620,3495,3028,3023,4621,3333,d_1015
5288,3861,7700,2794,3527,4755,3537,4026,5564,4665,d_1016
5812,3726,7860,2707,3795,4885,3503,3531,4014,4072,d_1017
4370,2936,6936,2248,3080,3837,3443,2216,4129,3201,d_1018
3231,2224,5195,2120,2892,3691,2934,2356,4540,3092,d_1019
3088,2213,5386,1926,2696,3188,2642,2152,3520,2444,d_1020
3237,2487,4917,1910,2364,3199,2370,2405,3857,2722,d_1021
3947,2926,5925,2072,2662,4019,3308,2768,4594,3554,d_1022
5502,4313,7024,2501,3505,4946,4105,3906,4905,3880,d_1023
5430,3949,7761,2591,3986,4998,3694,3110,3760,3310,d_1024
3741,2749,5595,2343,2717,3312,2909,2419,3486,2839,d_1025
3225,2256,4861,1957,2247,3403,2545,2492,3255,2281,d_1026
3100,2129,4771,1884,2274,3199,2569,2463,3149,2377,d_1027
3180,2307,4982,1906,2353,3292,2410,2753,3148,2368,d_1028
3921,2946,5387,2026,2399,3645,2697,2999,3868,2975,d_1029
5334,4052,6517,2569,2897,4284,3170,3706,4065,3453,d_1030
5288,3721,6704,2485,3110,4462,3238,3210,3247,2981,d_1031
4034,2355,5224,2241,2184,2807,2364,2144,2760,2532,d_1032
4117,2393,5517,2102,2488,3497,2899,2525,3042,2713,d_1033
4487,2773,5365,2454,3055,4099,3768,3349,3582,3207,d_1034
2359,1172,3369,1402,2196,2436,1857,1375,1770,1903,d_1035
2635,2834,3894,1400,2211,2630,2285,2456,3116,2612,d_1036
3452,3034,5268,1818,2400,3543,2445,3364,3118,3104,d_1037
4886,3295,6371,2431,3513,4050,3063,3368,3832,3378,d_1038
4715,2860,6392,2499,2685,3586,3338,2851,4501,3660,d_1039
4214,2641,6795,2299,3057,4104,3347,2672,5103,3792,d_1040
3841,2422,5434,2168,2355,3374,2841,2629,3745,2710,d_1041
3831,2819,5615,2103,3020,3684,2908,3365,4529,3277,d_1042
4410,2958,6137,2111,2828,3987,3003,3380,4576,3509,d_1043
5882,4043,7502,2447,3644,4974,3748,3928,4453,3829,d_1044
5462,3629,7029,2652,3646,4612,3298,2804,3895,3397,d_1045
4082,2502,6002,2243,2549,3428,2878,2367,4482,3120,d_1046
4296,2530,5689,2205,2520,3379,2471,2313,3375,2644,d_1047
3366,2479,5251,1786,2613,3489,2540,2465,4050,2872,d_1048
3451,2340,4896,1666,2626,3448,2695,2743,4677,3127,d_1049
3989,2829,5955,1905,2922,3687,2780,3577,4834,3685,d_1050
5299,3951,6504,2406,3368,4390,3445,3604,4718,3843,d_1051
5172,3782,6734,2255,4071,4861,3490,3377,5478,3877,d_1052
4064,2582,5808,2076,2775,3573,2985,2196,3736,2679,d_1053
3479,2375,5279,2020,2522,3463,2653,2469,3561,2517,d_1054
3453,2678,5255,2001,2829,3693,3027,2746,3376,2634,d_1055
3722,2513,5056,1999,3296,3737,3146,2778,3465,2699,d_1056
3903,2823,4985,2065,2727,3497,2830,3143,3532,2618,d_1057
5361,3748,6147,2420,2984,3892,3054,4858,4246,3764,d_1058
5356,3436,6615,2341,3359,3847,3218,2277,2221,2245,d_1059
4799,2791,5727,2469,2801,3633,3055,3622,3193,3199,d_1060
3458,2355,4594,2200,2729,3294,2865,3085,3592,2905,d_1061
0,2,3,0,1,11,1,1,0,1,d_1062
3570,3018,5972,1984,2732,3879,3128,2690,3012,2742,d_1063
4089,2609,5771,2208,2697,3488,3077,3024,3181,2951,d_1064
4575,3105,6006,2160,3112,4443,2899,3841,3229,3120,d_1065
4281,3154,6040,1980,2839,4234,2910,2817,3008,2858,d_1066
4294,2806,6002,2057,2543,3696,2736,2618,2920,2621,d_1067
4175,2541,6045,2212,2637,4022,3130,2947,3792,3310,d_1068
2913,2149,4319,1503,2277,3509,2051,1626,1968,1530,d_1069
4410,2433,5703,2157,2528,3371,2748,2380,3820,3103,d_1070
4703,2775,6378,2126,2820,3834,3493,3680,4950,4111,d_1071
5087,3492,7043,2371,3153,4600,3538,4934,5633,4765,d_1072
5472,3495,7736,2555,3680,5229,3683,3167,5743,4542,d_1073
4340,2432,6393,2397,2826,3633,3157,1441,3283,2510,d_1074
4043,2347,5723,2086,2821,3525,2943,1924,2621,2919,d_1075
3607,2538,5912,1896,2573,3321,2866,2834,3886,3540,d_1076
3395,2274,5467,2172,2583,3575,2888,3145,3956,3742,d_1077
4134,2864,5932,2164,2519,3281,2604,2686,3357,3225,d_1078
5582,4043,7737,2722,3713,5028,3935,4334,5894,4810,d_1079
5062,3645,7567,2788,4075,5053,3900,4291,5674,4803,d_1080
3720,2564,6099,2443,2952,3923,3351,2411,3315,2936,d_1081
3158,2144,5142,2039,2565,3222,2603,2158,3898,3294,d_1082
3241,2424,5284,2169,2596,3224,2829,2377,4286,3149,d_1083
3193,2567,5527,1988,2582,2979,2729,2478,4283,2864,d_1084
4137,3335,6021,2308,2696,3390,2724,3031,4127,3471,d_1085
5481,4605,7364,2606,3345,3817,3177,4110,4635,4093,d_1086
4872,3446,6975,2514,3839,3994,3398,3626,3967,3796,d_1087
4019,3057,6166,2210,2835,3421,2933,2477,2950,2638,d_1088
3089,2103,5457,2144,2387,2665,2352,2091,3074,2492,d_1089
3109,2387,5589,2143,2255,2683,2629,2270,2897,2235,d_1090
2872,2246,4839,2090,2029,2807,2376,2218,2665,2102,d_1091
3900,2707,5467,2195,2323,2829,2517,2637,3626,2687,d_1092
4750,4244,6764,2490,2980,3974,3627,4289,3860,3551,d_1093
5357,4047,7522,2445,3451,3821,3539,3371,3527,3117,d_1094
3514,2438,5397,2163,2774,3749,3325,1783,2825,2092,d_1095
2873,2294,4855,2145,1830,2075,1729,1735,2658,1806,d_1096
2621,2151,4282,1887,2133,2410,2231,2230,2804,2234,d_1097
2846,2181,4783,1904,2312,2695,2435,2476,3168,2217,d_1098
4359,2853,5403,2327,2646,3268,3420,3462,4780,3971,d_1099
6511,4580,6091,3298,3701,4711,4217,3788,4886,3550,d_1100
5090,3714,7841,2655,3307,4082,3732,3654,5358,4464,d_1101
4161,2498,6985,2303,2651,3281,3356,2480,5612,3967,d_1102
3461,2365,5938,2199,2209,2770,2713,2328,3668,2926,d_1103
3470,2494,5808,1987,2465,2963,2984,2204,4606,2695,d_1104
3566,2385,5633,2261,2479,3268,2605,2495,4755,2942,d_1105
4235,2597,5543,2266,2820,3805,3046,2897,4212,2834,d_1106
5752,4681,8404,3014,3385,4298,3682,4216,5627,4049,d_1107
5747,4290,8406,2683,4080,5078,4230,3948,5125,4453,d_1108
4316,2584,6479,2335,2583,3205,2866,2356,3646,2777,d_1109
3510,2449,5601,2134,2886,3218,3246,2633,4615,3241,d_1110
3465,2620,5612,2192,3290,3989,3815,2695,5395,3665,d_1111
3891,2991,6284,2128,3686,4431,3627,2617,4626,3202,d_1112
3659,2688,5202,1844,3058,3575,3030,3131,4490,3233,d_1113
4900,4147,6444,2308,3908,4539,4279,4420,5629,4391,d_1114
4930,3884,6889,2259,4200,4615,3979,4052,4782,4242,d_1115
3943,3174,6475,2198,3200,4661,3606,1677,3489,2134,d_1116
2988,2385,5370,1976,2530,3207,2819,2667,3709,3059,d_1117
2967,2395,5303,1830,2450,2880,2895,2760,3935,2996,d_1118
3003,2645,5430,2071,2405,3035,2784,2205,3693,2432,d_1119
3813,2722,5529,2006,2843,3444,3029,2789,4137,3014,d_1120
4790,4067,6551,2278,3344,3888,3636,4719,4305,3910,d_1121
5055,4036,7316,2502,4099,5110,4125,4027,4357,3800,d_1122
3574,2475,5332,2413,2731,3408,3089,2522,3547,2706,d_1123
3168,2495,5267,2105,2603,3114,2828,2286,3148,2711,d_1124
3018,2025,4246,2005,2086,2636,2447,2493,3277,2118,d_1125
3164,2531,4760,2123,2480,3045,2899,2431,3256,2201,d_1126
3495,2857,4877,1925,2817,3851,3146,3244,4763,3223,d_1127
5724,4693,7830,2734,3834,4524,3899,3984,4726,3548,d_1128
5516,4298,8145,2893,3713,4499,3994,4180,5337,4202,d_1129
3843,2804,6265,2291,2945,3683,3633,2745,5410,3582,d_1130
3313,2594,5664,2079,2281,2752,2620,2365,3795,2603,d_1131
2949,2269,5127,2051,2894,3356,3015,2246,4536,2835,d_1132
3263,2453,5203,1921,2904,3225,3350,2768,4457,3118,d_1133
4092,2836,5418,2297,2918,3636,3341,3036,3863,3427,d_1134
5070,4022,6704,2175,3462,4359,3844,4200,5552,4097,d_1135
5913,4223,8737,2996,4471,5339,4365,4028,5871,4147,d_1136
4372,2452,7195,2411,3031,3796,4077,2664,4249,3259,d_1137
3340,2503,6025,2050,3036,3526,3489,2710,4628,3260,d_1138
3356,2574,6023,2028,3108,3570,3771,2612,4762,3138,d_1139
3299,2515,5887,1979,3029,3608,3654,2683,3733,2697,d_1140
4059,2992,5841,2287,2944,3526,3641,3228,4765,3663,d_1141
5427,4011,6969,2632,3764,4252,4055,4329,4993,4276,d_1142
5350,4077,7882,2709,3963,4878,4444,3823,4149,4101,d_1143
3554,2669,5867,2183,2877,3543,3292,2276,3220,2603,d_1144
3187,2483,5443,2048,2780,3104,2927,2297,3099,2727,d_1145
3280,2539,4647,2227,2404,3189,3240,2291,3152,2415,d_1146
3347,2470,4943,1943,2475,3154,2736,2298,3001,2442,d_1147
3969,2979,5545,2227,2762,3334,3289,2788,3360,2949,d_1148
5073,4258,6725,2560,3603,3813,3599,4091,4257,3462,d_1149
5679,4248,7944,2802,3731,4612,3876,3774,3940,3565,d_1150
3953,2524,5991,2204,2717,3403,3194,2558,2954,2345,d_1151
3316,2442,5180,2045,2536,3124,2742,2040,2824,2217,d_1152
3081,2549,5037,2075,2185,1232,2879,2358,3317,2301,d_1153
3367,2621,5149,1997,2509,4261,2661,2458,3058,2129,d_1154
3926,2959,5507,2292,2525,3232,2839,2967,3758,2913,d_1155
4954,4088,6349,2471,3460,3883,3672,4373,4275,3668,d_1156
5767,4280,7685,2767,3919,4544,3646,3747,3667,3134,d_1157
3608,2282,5579,2136,2782,3274,3450,2303,2982,2276,d_1158
3773,2413,6126,2193,3162,3269,3777,2752,3620,2623,d_1159
4052,2589,5967,2136,2657,2889,2969,2599,4837,3004,d_1160
4029,2739,6452,2143,2878,3401,3542,2788,5345,3287,d_1161
4307,3069,6317,2182,3054,3594,3160,3097,4131,2774,d_1162
5805,4138,7744,2790,3742,4500,4105,4647,5558,3747,d_1163
6337,3787,8496,3090,4326,4924,4209,4135,5669,3817,d_1164
4494,2585,7378,2613,3254,3744,3572,2511,3774,2669,d_1165
4045,2473,7227,2407,2751,3194,2915,2628,4817,2791,d_1166
3966,2890,6448,2251,2904,3312,3130,2596,4754,2958,d_1167
4015,2618,6457,2137,2829,3212,3161,2778,3743,2088,d_1168
4350,2808,6371,2581,3367,3902,3631,3360,4619,3450,d_1169
5171,3738,7068,2813,4121,4538,4171,4579,5906,4050,d_1170
5590,3952,7896,2745,4739,5108,4670,3650,4334,3399,d_1171
3901,2554,6117,2440,2935,3352,3377,2990,4880,3205,d_1172
3490,2596,6008,2080,3220,3883,4054,3027,4827,3211,d_1173
4201,2534,5707,2274,3080,3415,3489,2894,3971,2663,d_1174
4048,2618,5916,2070,2774,3352,3248,2992,3397,2778,d_1175
5074,3217,6169,2354,3350,4401,3917,3717,3811,2895,d_1176
6257,4134,8368,3035,3990,4918,4323,4718,4269,3807,d_1177
4814,3509,7668,2362,4345,4667,3541,2559,2483,2986,d_1178
3829,2496,5868,2226,2779,3250,3264,2376,3398,2140,d_1179
3785,2518,5522,2200,2818,3439,2929,2330,2733,2404,d_1180
3344,2350,5892,2044,2615,3284,3032,2397,3191,2288,d_1181
3500,2343,6018,2079,2691,3320,3048,2570,3118,2105,d_1182
4186,2668,5396,2141,2781,3580,3498,3071,3620,2486,d_1183
5444,4192,7095,2306,3668,4336,3748,4181,4329,3078,d_1184
5570,4070,8148,2666,4014,4310,4047,4076,3525,3014,d_1185
3917,2474,6004,2106,2880,3422,3501,2429,2718,2057,d_1186
3260,2308,5718,2104,2391,3086,2996,2555,3266,2181,d_1187
3505,2200,5440,1985,2390,2857,2933,2682,3053,1838,d_1188
4061,2697,6727,2044,2996,3344,3273,2569,3747,2401,d_1189
4724,3390,7079,2333,2861,3566,3358,3370,4827,3443,d_1190
5872,3863,7983,2602,4046,4274,4430,3988,5618,3866,d_1191
6325,3753,7997,2674,3858,4579,4284,4100,4219,3350,d_1192
4383,2567,6907,2287,3026,3606,3561,2536,4327,2620,d_1193
3818,2524,6479,1956,2887,3514,3392,2569,4076,2396,d_1194
3818,2258,6017,2011,3557,3359,3030,2379,3417,2300,d_1195
3676,2230,6212,2086,2317,3138,2815,2694,4084,2567,d_1196
4386,2670,6366,2406,2665,3527,3436,3359,4216,3332,d_1197
5100,3869,7141,2634,3596,4395,3938,4358,4565,3247,d_1198
4184,3023,7390,2323,3746,4281,3736,3024,3416,3057,d_1199
4256,2523,6932,2572,3229,3539,3694,3105,4869,3203,d_1200
3996,2338,6263,2362,2980,3340,3041,2868,3810,2846,d_1201
3554,2163,6310,2052,2496,3022,2753,3101,4305,3061,d_1202
3451,2439,5833,2328,2818,3189,3480,2665,4597,2722,d_1203
4454,2795,5827,2140,3191,3159,3239,3245,3655,2884,d_1204
5041,3586,6892,2251,3345,3715,3685,4146,4377,2981,d_1205
5703,3790,7512,2793,3811,4631,3946,3924,3814,3096,d_1206
4054,2433,6044,2525,2767,3252,3238,2570,3258,2173,d_1207
3189,2428,5658,2119,2644,3159,2921,2736,2951,2121,d_1208
3179,2299,5600,1852,2444,3109,2934,2575,3124,1967,d_1209
3434,2630,5295,2058,2537,3226,2930,2994,3146,2136,d_1210
3918,2930,5622,2354,2621,3502,3128,3207,3508,2635,d_1211
4658,3669,6304,2320,3460,4259,3455,3623,3693,2945,d_1212
4520,3136,6533,2171,3596,3888,3426,3130,2894,2671,d_1213
4405,2920,6575,2391,2678,3569,2920,2890,2669,2442,d_1214
3620,2135,5837,2413,2342,2827,2483,2420,2685,2150,d_1215
3304,2197,4872,2176,2293,3030,2794,2563,2933,1947,d_1216
3196,2009,4989,2082,2470,3023,2571,2528,2736,2085,d_1217
4018,2625,5503,2163,3168,3498,3150,3202,3893,2520,d_1218
5160,3424,7060,2560,3348,4154,3718,4302,4087,2879,d_1219
6040,3505,8172,2755,4059,4675,4481,4106,3824,2985,d_1220
4388,2552,6985,2692,2978,3586,3458,2882,4562,3229,d_1221
3881,2635,7037,2224,3025,3670,3624,3335,5570,3356,d_1222
3735,2437,6436,2215,2720,3367,2951,2819,3877,2342,d_1223
3796,2397,6453,2426,3277,3975,3347,2804,4350,2830,d_1224
4227,2842,6271,2485,3570,3175,3559,3386,4685,3257,d_1225
5416,3415,7576,2739,3670,5556,4336,4089,4324,3226,d_1226
5977,3196,7805,2968,3891,4622,4335,4093,5018,3374,d_1227
4631,2391,7664,2620,2970,3636,3476,3012,4857,2999,d_1228
3894,2355,6497,2442,2596,3255,3370,2766,3976,2507,d_1229
3849,2390,6243,2314,2959,3742,3472,2830,4357,2488,d_1230
3745,2379,6023,2314,3011,3722,3224,2884,4706,3069,d_1231
4621,2695,6468,2524,3309,4379,3921,3550,3991,2898,d_1232
5589,3522,7569,2884,3949,4790,4250,4254,4694,3483,d_1233
4930,2976,7188,2403,3756,4856,4296,3699,4720,3670,d_1234
4177,2406,6372,2357,3244,3760,3570,2755,3880,2682,d_1235
3617,2612,6079,2370,2894,3198,3353,3210,3577,2632,d_1236
3998,2404,6193,2240,2847,3286,2823,2818,3502,2158,d_1237
3700,2553,6194,2303,2944,3694,3066,3060,3237,2369,d_1238
4820,3035,6572,2553,3183,4107,3356,3587,4012,2771,d_1239
5171,3998,7497,2550,3506,4570,4165,3973,4039,2951,d_1240
5450,3683,8003,2746,3739,4585,4062,3730,3341,3121,d_1241
4096,2432,6549,2217,2539,3501,3231,2864,3390,2339,d_1242
3643,2407,5999,2274,2731,2869,2816,2593,3054,2255,d_1243
3573,2262,5277,2107,2337,2981,2779,2635,3019,1851,d_1244
3478,2442,5588,2022,2304,3298,2703,2676,2981,1864,d_1245
4135,2923,5848,2472,2778,3651,3157,3410,3273,2431,d_1246
5115,3637,7392,2527,3096,4075,3788,3983,3433,2884,d_1247
5251,3555,7426,2697,3394,4035,3829,3868,3280,2876,d_1248
4295,2456,6475,2460,2755,3510,3275,2665,3294,2264,d_1249
4468,2536,7374,2392,3354,4010,3754,3016,3940,2895,d_1250
4261,2653,7091,2284,2608,3470,3573,3533,5179,3217,d_1251
5582,3316,8369,2861,3758,4961,4490,4328,5443,3920,d_1252
4455,3019,7214,2309,3301,4550,4061,3319,3454,2911,d_1253
5042,3253,7115,2346,3423,4091,3944,3630,4732,3206,d_1254
5869,3228,8307,2858,4382,4388,4100,3760,5145,3453,d_1255
4697,2482,7464,2476,3177,4418,3787,2904,4074,2156,d_1256
4460,2474,6799,2473,2742,3194,3362,3273,4783,2888,d_1257
3947,2419,6524,2367,3167,4110,3550,3443,4809,2878,d_1258
4243,2717,7121,2410,2827,3507,3319,2864,3677,2494,d_1259
4695,2881,6677,2503,3446,4108,4015,3588,5018,3322,d_1260
5465,3714,7791,2643,4438,5078,4568,4424,5807,3768,d_1261
5615,3442,7669,2518,4129,4702,4267,4031,3926,3376,d_1262
4164,2369,6438,2359,2928,3831,3359,3016,4807,3010,d_1263
3948,2698,6128,2220,3067,3637,3450,3025,4700,2942,d_1264
3919,2399,6156,2059,2634,3558,3384,2825,3561,2516,d_1265
3779,2531,5676,2171,2631,3600,2953,2921,3784,2384,d_1266
4633,2845,6599,2225,2834,3785,3306,3398,4142,2682,d_1267
5224,3640,7311,2652,3804,4549,3849,4197,4163,3091,d_1268
5962,3737,7420,2606,3973,4396,3940,3891,3854,2910,d_1269
4008,2651,6270,2279,2861,3633,3281,2873,3361,2234,d_1270
3596,2144,6167,2038,2716,3203,3282,2795,3096,2475,d_1271
3899,2380,5800,2161,2666,3333,2883,2897,2990,1930,d_1272
3890,2443,5718,2163,2548,2947,2978,2868,3079,1891,d_1273
4215,2626,6259,2169,2756,3679,3372,3075,3355,2342,d_1274
4609,3453,7210,2504,3119,3988,3556,4062,3599,2908,d_1275
5421,3566,8336,2714,3772,4441,4135,3780,3260,2789,d_1276
4579,2233,6192,2311,2744,3405,3409,2542,3101,2116,d_1277
3810,2304,5796,2104,2729,3177,2826,2789,2957,2213,d_1278
3870,2167,5651,2228,2596,3190,3071,2648,2900,2013,d_1279
3985,2461,5932,2123,2774,3223,2930,2760,3528,2124,d_1280
5229,2797,7628,2393,3818,4406,4769,3771,4923,3395,d_1281
5837,3464,8064,2613,3864,4398,4348,4413,5852,4158,d_1282
6361,3238,8817,2936,4026,4876,4072,4105,5116,4025,d_1283
5038,2257,6733,2488,3142,3495,3502,2821,3765,2558,d_1284
4289,2292,6702,2441,3084,3847,3277,2804,4814,2688,d_1285
4109,2458,6390,2120,2761,3616,2976,2804,4492,2821,d_1286
4182,2629,6461,2302,3067,3544,3564,2849,3576,2403,d_1287
4642,2781,7102,2297,3493,4369,3346,3097,4861,2992,d_1288
5767,3589,8285,2594,3585,4587,3998,3961,5364,3528,d_1289
6275,3318,8299,2867,3660,4357,3590,3594,4199,3090,d_1290
4146,2309,6630,2334,3017,3677,3687,2947,4524,2851,d_1291
3995,2255,6642,2149,3131,3434,3470,3283,4953,3360,d_1292
3966,2181,6062,2367,3363,3725,3292,3104,3962,2397,d_1293
3855,2535,5788,2266,2894,3487,3238,2900,4855,2718,d_1294
4442,2661,6034,2195,3336,3860,3828,3486,4945,3471,d_1295
5705,4040,7220,2456,3745,4633,4164,4313,4776,3503,d_1296
6331,3567,8778,2963,4069,4593,4559,4170,4341,3302,d_1297
4684,2455,7045,2397,2837,3377,3637,2832,3595,2520,d_1298
3799,2227,6141,2177,2788,3170,3242,2717,3139,2559,d_1299
3645,2246,5966,2116,2787,3135,3009,2884,3599,2460,d_1300
3619,2509,5816,2118,2823,3520,3348,2977,3399,2270,d_1301
4187,2972,6870,2291,3027,3819,4051,3404,3844,2651,d_1302
5569,3768,8240,2549,3871,4933,4453,4303,3989,2998,d_1303
6630,3312,8996,2938,4250,5179,4962,4256,3847,3073,d_1304
4000,2424,6382,2216,2991,3757,3979,2843,3515,2560,d_1305
3744,2184,5740,2213,2870,3283,3214,2577,3210,2367,d_1306
3118,2347,5663,2054,2587,2800,2894,2747,3234,2062,d_1307
3497,2267,5570,1994,2460,3079,2988,2714,3369,2038,d_1308
4432,2679,6480,2280,2622,3407,3415,3984,5094,3300,d_1309
5590,3393,7106,2628,3610,4255,4210,4535,4592,3318,d_1310
5279,3197,6707,2473,3251,3866,3508,3686,4204,3039,d_1311
5344,3136,7851,2848,3842,4993,3851,4245,3927,3219,d_1312
3999,2177,6403,2468,2664,3146,2979,2859,4668,2936,d_1313
4227,2213,6427,2485,3042,3811,3309,3000,5488,3395,d_1314
3695,2372,5999,2091,2443,3110,2772,2706,3686,2609,d_1315
4404,2474,6105,2279,2952,3477,3127,3282,4527,3339,d_1316
5828,3510,7503,2567,3830,4796,4077,4106,5664,4136,d_1317
6242,3450,8696,2950,3059,5226,4321,3920,4466,3623,d_1318
3973,2188,7070,2196,2928,3597,3707,2404,4361,3156,d_1319
4010,2178,5875,2362,2821,3297,3323,2635,4532,3134,d_1320
3815,2294,6181,2189,2657,3088,2998,2725,3692,2153,d_1321
3870,2270,6268,1947,3020,3509,3472,2968,4417,2739,d_1322
4246,2760,7194,2453,3060,3745,3348,3489,4736,3328,d_1323
5464,3840,8137,2743,4226,5001,4757,4559,5114,3738,d_1324
5690,3553,8159,2838,3691,4741,4325,3894,5083,3773,d_1325
4059,2573,6695,2384,3136,3690,3505,2765,4697,3055,d_1326
3362,2232,6190,2292,2761,2776,3076,2559,3412,2377,d_1327
3545,2476,5879,2066,2475,2859,2832,2489,3143,2067,d_1328
3227,2298,5808,2097,2242,2610,2455,2770,3252,2102,d_1329
4241,2882,6142,2340,2849,3553,3623,3117,3485,2600,d_1330
5512,3883,7780,2563,3500,4335,4042,4165,4184,3068,d_1331
5888,3625,8436,2786,3840,4548,4591,4012,3706,2970,d_1332
3849,2103,6455,2344,2667,3258,3081,2527,2993,2233,d_1333
3482,2271,6075,2140,2454,2913,2894,2514,2772,1895,d_1334
3418,2132,5740,2066,2380,2759,2912,2482,3062,2050,d_1335
3469,2114,5744,2145,2398,3015,2695,2702,3218,2011,d_1336
4012,2591,6258,2079,2531,3343,3025,3202,3477,2609,d_1337
5365,3458,7236,2388,3144,4145,3724,4288,3942,3149,d_1338
5818,3190,7966,2717,3651,4391,4145,4086,3892,3068,d_1339
4073,2312,6141,2432,2535,3049,3165,2653,2924,2189,d_1340
3797,2174,5644,2226,2296,2849,2765,2747,3218,2274,d_1341
3745,2389,6330,2430,3013,3371,3650,3072,3888,2714,d_1342
4263,2287,5975,2340,2629,3227,3279,2761,4751,2737,d_1343
4920,2737,6957,2491,3510,4267,3867,3794,5663,3630,d_1344
6177,3587,8565,2896,3705,4377,4314,4649,5013,3916,d_1345
6297,3532,8880,2952,4038,4791,4377,4039,5455,4000,d_1346
4756,2566,7052,2770,2923,3423,3524,2705,4972,3028,d_1347
4091,2020,6142,2239,2916,3608,3490,2779,3527,2339,d_1348
4080,1879,6211,2211,2504,3009,3220,2781,4612,2678,d_1349
4177,1789,5873,2253,2685,3255,3421,2922,4716,2647,d_1350
4529,2173,6277,2398,2668,3233,3432,3350,3987,2954,d_1351
5529,3250,7359,2604,3582,4663,4109,4395,5242,3828,d_1352
5818,3198,7918,2718,3893,4833,4313,4107,5910,4027,d_1353
4305,2151,6091,2461,3062,3637,3423,2698,3535,2194,d_1354
3377,1944,5461,2352,2404,3110,3225,2854,4735,2989,d_1355
3499,1937,5604,2225,2954,3451,3352,3100,5341,2730,d_1356
3349,1856,4838,2189,2455,2884,2994,3054,4056,2261,d_1357
4396,2550,5526,2263,2599,3301,3132,3160,3468,3035,d_1358
6088,3313,7304,2605,3518,4270,4064,4600,4390,3603,d_1359
6093,3178,8226,2825,3649,4421,4026,3781,4019,3238,d_1360
4291,1990,6263,2387,2663,3440,3206,2502,3101,2390,d_1361
3466,1983,5608,2362,2388,2838,2740,2615,3140,2227,d_1362
3396,1974,4950,1895,2235,2918,2862,2465,3043,2188,d_1363
3434,1997,5213,2156,2478,2796,2571,2661,3117,2083,d_1364
4141,2164,5542,2115,2463,3342,3037,3468,3875,2643,d_1365
5734,3316,6579,2786,3281,3714,3466,4452,4034,3391,d_1366
5308,3140,7369,2500,3505,4519,3817,3748,3347,2944,d_1367
4189,2091,5931,2275,2590,3146,3163,2389,2968,2461,d_1368
3454,2087,4874,2176,2285,2882,2938,2694,2944,2006,d_1369
3321,2138,5028,2058,2273,2917,2531,2341,2980,1976,d_1370
3672,2601,5216,2329,2535,3178,2946,2656,3003,2099,d_1371
3817,1976,5057,2174,2956,3375,3080,3133,4518,2764,d_1372
6542,3442,7700,2569,3665,3999,4021,4497,4370,3444,d_1373
6477,3327,8470,2818,3501,4130,3859,4189,5158,4143,d_1374
4939,2077,6920,2526,2949,3522,3794,2806,5369,3662,d_1375
3996,1850,6018,2137,2459,3025,3040,2771,3867,2789,d_1376
3452,1791,5745,2276,2283,2899,2764,2440,4533,2649,d_1377
3943,2021,5691,2223,2688,3270,3127,2750,4676,2834,d_1378
4361,2447,6085,2126,3198,3523,3248,3223,3887,2665,d_1379
5541,3448,7719,2576,3395,3907,3751,4610,5411,3912,d_1380
6090,3360,8098,2856,4305,4736,4152,4266,5534,4018,d_1381
4523,2258,6962,2373,2839,3373,3397,2698,3522,2504,d_1382
3884,2277,6170,2170,2674,3068,3055,2549,3919,2822,d_1383
3363,1773,4735,2095,2575,2924,2782,2660,4823,2760,d_1384
3319,1793,4850,2030,2622,3316,2538,2557,3465,2221,d_1385
4048,2471,5475,2000,2863,3304,3028,3342,4991,3217,d_1386
5278,3320,6710,2571,3858,4111,3960,4800,6006,3769,d_1387
5857,3296,7458,2590,3658,4420,4109,4032,4682,3414,d_1388
3928,2024,5752,2335,2517,3346,3213,2986,3252,2458,d_1389
3347,1927,5293,2052,2389,2817,2757,2522,2838,2072,d_1390
3198,1850,4934,2006,2470,2822,2733,2880,3069,2085,d_1391
3330,1919,4761,1983,2584,2905,2794,2775,3083,2113,d_1392
4143,2550,5701,2027,2441,3113,2844,3517,3862,2665,d_1393
5654,3457,7315,2719,3454,4221,3807,4402,4023,3350,d_1394
5299,3506,7555,2357,3629,3875,4102,3770,3597,2940,d_1395
4511,1996,5891,2230,2649,3320,3493,2362,3234,1912,d_1396
4275,2119,5896,2461,2658,3132,3104,2676,3127,2440,d_1397
4434,2548,6252,2578,3369,3759,3599,3491,3892,2981,d_1398
2489,1337,3673,1431,2648,2841,2183,1494,1616,2132,d_1399
3293,2457,4314,1460,2403,2607,2577,2526,2333,2384,d_1400
4504,2863,5850,2017,2901,3134,3141,3970,3221,2855,d_1401
4812,2959,6393,2158,3065,3677,3464,3687,3001,2589,d_1402
4353,2307,6427,2428,2692,3455,3410,2990,4014,2229,d_1403
3359,1975,5326,2005,2470,2816,2941,2880,4103,2694,d_1404
3444,1693,5292,2161,2776,3266,2994,3125,5139,2715,d_1405
4077,2682,5859,2160,2426,2893,2264,3012,3799,2344,d_1406
4209,2988,5849,2051,2967,3186,3524,4260,4956,2973,d_1407
5556,3685,7337,2507,3597,3964,4018,4272,5483,3396,d_1408
5404,3358,7286,2725,4108,4178,4123,3928,4155,3262,d_1409
4293,2099,5832,2263,2728,3173,3112,2620,4188,2806,d_1410
3938,2473,5643,2265,2710,3031,3131,2720,4171,2585,d_1411
4569,2529,6038,2390,2500,2636,2763,2748,3586,2139,d_1412
2298,1331,3402,1554,2521,2881,2759,2745,4095,2529,d_1413
3634,2587,5265,1962,2917,3368,3029,3213,4699,2828,d_1414
5039,3573,6194,2373,3418,4147,3638,4333,4235,3086,d_1415
5650,3382,6481,2321,3668,4324,4022,4000,4800,3358,d_1416
3632,2097,4970,2287,3111,3752,3899,2993,4530,2856,d_1417
3880,1939,4630,1823,2878,3167,3076,2794,3328,2421,d_1418
3611,2032,4743,2330,2884,3374,3126,2793,3237,2022,d_1419
3836,2406,5232,2027,3179,3409,3441,3088,3330,2419,d_1420
3832,2338,4359,1903,2424,2830,2972,3362,3322,2492,d_1421
5302,3392,5788,2275,3390,3860,3489,4549,3582,2794,d_1422
5464,3679,6331,2341,3452,3836,3461,3845,3240,2839,d_1423
4805,2508,6013,2249,2761,3387,3362,3337,2933,2381,d_1424
4531,2659,5397,2585,2950,3455,3319,3923,3188,2855,d_1425
3487,1927,4021,2050,2813,3393,2878,2927,3513,2608,d_1426
0,6,0,0,0,7,6,0,0,1,d_1427
3593,2512,5402,1822,3120,3759,3628,3093,3142,2838,d_1428
4226,2644,5685,1995,2866,3206,2965,3631,2844,2532,d_1429
4407,2650,6050,2015,2661,2986,2828,2993,2755,2549,d_1430
3825,2264,5170,2147,2743,3292,3008,2818,2560,2163,d_1431
3611,2181,4676,1917,2768,3333,2880,2824,2978,2249,d_1432
4126,2054,4686,2382,2886,3346,3097,3418,4381,3074,d_1433
3150,2016,4412,1591,2393,2633,2667,2629,3043,1918,d_1434
4663,2839,6532,2145,2794,3617,3504,4114,5304,4121,d_1435
5352,2999,6792,2267,3353,3958,3380,4053,5120,3811,d_1436
5666,3322,6762,2715,3367,3884,3581,3657,3520,3173,d_1437
4485,2284,5851,2213,2946,3450,3454,2762,4313,2933,d_1438
3616,2000,5058,2122,2772,3345,3391,2928,4313,3137,d_1439
3394,2015,4991,1901,2837,3467,3109,2233,3229,1989,d_1440
3517,2032,5380,2159,2491,2659,2293,1924,4134,2440,d_1441
4035,2497,5282,2051,2844,3234,2923,3406,4958,3155,d_1442
5705,3451,7354,2734,3433,4027,3722,5365,4313,3842,d_1443
5804,3581,7879,2657,4002,4332,3815,3976,5093,3927,d_1444
4083,2107,5604,2270,2926,3527,3435,3077,5342,3203,d_1445
3284,2160,5103,2169,2758,3098,2845,2663,3596,2648,d_1446
3225,1961,4682,2162,2683,2779,2778,3046,4968,2775,d_1447
3459,2228,4689,2066,3028,3363,3096,3251,4912,2971,d_1448
4023,2430,5360,2184,2921,3348,3249,3742,4215,3417,d_1449
5166,3650,7329,2529,3894,4304,4066,5600,4753,3878,d_1450
5195,3625,6938,2437,3784,4422,3922,3599,3674,3128,d_1451
4456,2191,6538,2350,3245,3563,3306,3195,2987,2581,d_1452
3300,1675,5548,2066,2507,2780,2980,2492,2746,2269,d_1453
3281,1810,5236,1974,2670,2689,2934,2664,2773,2078,d_1454
2901,1825,5073,1849,2308,2207,2113,2624,2827,2068,d_1455
4042,2196,5452,2035,2826,3460,2989,3287,3365,2569,d_1456
5537,3193,7132,2457,3586,4208,3628,5097,3903,3440,d_1457
5577,3179,7915,2907,3812,4524,3719,3959,3791,3240,d_1458
3381,1995,5457,2297,2664,3109,3282,2644,3259,2270,d_1459
2992,1897,4956,2014,2503,2819,2787,2656,3218,2031,d_1460
3077,1889,4897,1962,2414,2952,2723,2882,3072,2236,d_1461
3219,1955,4784,2064,2548,3022,2693,2688,3103,2149,d_1462
4159,2129,5619,2633,2913,3751,3650,4034,4931,3621,d_1463
6071,3657,7419,2678,4070,4726,4202,6902,6163,4940,d_1464
5462,3186,8081,2790,4301,5111,4574,1847,3034,1999,d_1465
3886,1922,6242,2553,2816,3404,3395,3046,4428,3314,d_1466
4051,2090,5987,2334,3145,3453,3465,3371,5640,3869,d_1467
3673,1893,5929,2182,2966,3662,3256,3220,4262,2949,d_1468
3889,2128,5980,2263,2607,3282,3284,3405,4792,3017,d_1469
4018,1840,5154,1973,3259,3905,3606,4027,5229,3798,d_1470
6314,3616,8852,2962,4018,4923,4554,5791,5313,4493,d_1471
5859,3441,8254,2789,4291,5291,4350,4940,6035,4469,d_1472
4977,2213,6834,2552,3362,4175,3923,3085,4484,3565,d_1473
4134,2253,6517,2515,3044,3480,3389,3039,3863,3230,d_1474
4040,2028,5752,2038,3219,3662,3784,3327,4770,3081,d_1475
3829,2161,6493,2328,3560,3909,3950,3370,5256,3714,d_1476
4183,2222,5450,2099,3362,3966,3843,3938,4393,3480,d_1477
4789,2613,6239,2383,3566,4196,3973,4812,4850,4193,d_1478
4824,2726,6836,2248,4024,4865,4675,4758,4933,4118,d_1479
4281,2553,6997,2404,2812,3721,3726,3257,4092,3304,d_1480
3412,1806,5468,2070,2675,3075,2969,2716,3862,2644,d_1481
3038,1837,5097,2032,2542,2943,2941,2530,3370,2175,d_1482
3180,1794,4561,1961,2759,3109,3052,2693,3335,2364,d_1483
4138,2023,5430,2003,2861,3479,3429,3534,3483,2739,d_1484
4767,2801,5965,2430,3728,4592,4317,5271,4400,3838,d_1485
5426,3124,6958,2841,3984,4715,4342,4458,4362,3549,d_1486
3548,1970,5978,2192,2687,3031,3425,2805,3305,2581,d_1487
2972,1755,5248,2266,2693,2946,3162,2863,3274,2601,d_1488
3106,2116,5095,2041,2461,2981,3207,2707,3231,2282,d_1489
3012,1963,5154,2039,2739,3015,3069,2756,3160,2316,d_1490
4114,2179,5325,2176,2648,3212,3102,3492,4027,3291,d_1491
5603,3326,6817,2462,3628,4140,4027,5483,4648,4020,d_1492
5774,3264,7725,2733,3901,4949,4566,4730,3874,3670,d_1493
4013,1972,5997,2388,2843,3530,3788,3277,4041,3549,d_1494
3827,2111,6112,2130,2848,3656,3901,2351,4612,2839,d_1495
3584,1727,5724,1967,2873,2980,3380,3153,3754,2632,d_1496
3660,2041,5881,2224,2626,2945,3381,3009,4169,2883,d_1497
4331,2361,5792,2135,2891,3335,3516,3714,4322,3540,d_1498
5234,3189,7617,2400,4018,4246,4266,5115,4380,3764,d_1499
5971,3328,8904,2937,3807,4229,4044,4739,5492,3928,d_1500
4046,1993,6906,2326,2892,3380,3649,3252,4390,3186,d_1501
3710,2054,5949,2143,3128,3618,3995,2568,3625,2807,d_1502
3474,1872,5692,2242,2935,3319,3314,2863,4132,3048,d_1503
3519,2130,5368,2271,2905,3508,3781,2960,4653,3296,d_1504
4184,2450,5912,2309,3525,4002,3727,3390,4113,3011,d_1505
5015,3415,7455,2619,3800,4370,4039,4656,5131,3971,d_1506
5805,3588,8510,2909,4493,4824,4393,4945,5036,4324,d_1507
4064,2123,6217,2295,3075,3987,3818,2974,3793,3149,d_1508
3431,1950,5819,1953,3060,3462,3226,2473,3406,2632,d_1509
3442,1892,5161,1961,2833,3046,3280,2746,3039,2547,d_1510
3194,1865,5166,2032,2871,3202,3152,2521,3005,2361,d_1511
4120,2222,5564,2083,2976,3542,3409,3113,3137,2833,d_1512
5528,3327,7105,2759,3522,3782,3693,4568,4166,3532,d_1513
5570,3570,8034,2800,4147,4586,4096,4267,3726,3218,d_1514
3818,1922,6196,2403,2931,3456,3304,2729,3270,2309,d_1515
3401,1888,5272,1943,2652,131,3288,2818,3145,2303,d_1516
3193,2007,5445,2098,2382,5928,3152,2599,3020,2171,d_1517
3387,2130,5300,2239,2491,2993,3004,2750,3176,2432,d_1518
4041,2389,5316,2231,2573,3316,3180,3253,3500,2736,d_1519
4867,3347,6795,2746,3375,4333,3947,4617,3890,3614,d_1520
5453,3143,7706,2926,3756,4670,4065,4218,3584,3062,d_1521
4256,2132,5744,2369,2792,3152,3646,2641,2946,2221,d_1522
3877,2035,5605,2253,2702,3212,3322,2803,2804,2343,d_1523
4446,2266,6013,2236,3162,3704,3840,2907,3813,2673,d_1524
4395,2306,5755,2134,2683,3361,3146,3100,3989,2948,d_1525
5632,2647,6748,2509,3792,4462,4591,4441,5362,3924,d_1526
6636,3411,8258,3196,3933,4791,4496,5330,4492,3876,d_1527
4874,3108,7999,2445,4561,4475,3753,3167,3691,3563,d_1528
4101,2190,6400,2308,3103,3823,3830,2750,4304,3406,d_1529
3810,2005,6252,2156,2979,3508,3928,2561,3641,3071,d_1530
3809,2058,6144,2126,2665,3431,3482,2915,4511,3008,d_1531
3726,1893,5774,2149,3053,3703,3805,2760,4682,2892,d_1532
4584,2479,6121,2389,3030,3495,3590,3595,4108,3462,d_1533
5495,3189,7093,2599,3965,4677,4333,4737,4999,4185,d_1534
6093,2940,7907,2696,4119,4753,4952,4431,5022,4267,d_1535
4171,1750,5027,2400,3228,3976,4261,3103,3508,3070,d_1536
3702,1818,5753,2158,2817,3129,3175,2778,4376,3891,d_1537
3668,1966,5298,2148,3022,3580,3784,3154,4733,3337,d_1538
3732,2094,5535,2149,2566,3008,3228,2737,3554,2828,d_1539
4236,2089,5583,2361,2499,3131,3579,3025,3553,3003,d_1540
5651,2916,6174,2497,3799,4761,4486,4594,4106,3532,d_1541
5849,3160,7788,2720,3872,4579,4124,4447,4065,3755,d_1542
4131,1999,5802,2270,3000,3457,3767,2734,3376,2582,d_1543
3543,2097,5325,2202,2505,3122,3252,2605,3002,2574,d_1544
3444,2035,5383,2237,2600,3144,3182,2762,3125,2470,d_1545
3797,1978,5551,2343,2652,3233,2916,2552,3309,2327,d_1546
4312,2634,5548,2339,2752,3554,3455,3374,3428,3027,d_1547
6019,3230,7251,2571,3474,4421,4154,4927,4107,3444,d_1548
5815,2947,7890,2774,3804,4417,4166,4168,3958,3467,d_1549
3995,2257,5909,2612,2779,3413,3681,2799,3479,2520,d_1550
3526,1930,5420,2168,2564,3012,3229,2529,3046,2326,d_1551
3560,2037,4849,2063,2551,2853,3175,2674,2880,2025,d_1552
3466,2045,5114,2360,2404,3197,3366,3002,3309,2290,d_1553
5121,2773,6637,2637,3295,4032,4911,3933,4328,3309,d_1554
5801,3068,7586,3042,4086,4599,4567,4624,5341,4338,d_1555
6524,3347,7757,2766,4233,4692,4934,4412,5661,4776,d_1556
4794,2094,7345,2798,2925,3529,3922,3278,4277,3207,d_1557
4168,2077,5835,2529,2869,3291,3604,2997,4483,3236,d_1558
4025,2134,5784,2449,2962,3283,3821,3025,4624,3189,d_1559
4182,2001,5428,2079,2952,3631,4079,2766,3558,2645,d_1560
4697,2398,6096,2383,2897,3636,3419,3736,4571,3591,d_1561
5840,3112,7509,2665,3966,4448,4822,5183,5538,4186,d_1562
5014,2410,6636,2463,3556,3684,4127,3435,3461,3244,d_1563
4602,2259,6352,2314,3234,3900,4147,3131,3996,3257,d_1564
3810,1843,5903,2303,2822,3351,3939,2829,4998,3235,d_1565
3958,2071,5728,2182,3237,3520,3810,2867,3500,2812,d_1566
3487,1714,5032,2093,2600,3336,3643,3231,4139,2779,d_1567
4375,2743,5701,2436,3339,3881,3739,3497,4630,3423,d_1568
5589,3308,6948,2671,4150,4590,4733,4260,4582,3505,d_1569
5568,3044,7739,2543,4088,4517,4402,4588,4294,3710,d_1570
4185,1988,5919,2451,3122,3417,3845,3025,3577,2767,d_1571
3576,2000,5168,2271,2762,2934,3412,2712,3313,2523,d_1572
3580,1999,5191,2171,3030,3078,3320,2938,3521,2330,d_1573
3635,2336,5145,2225,2665,3124,3046,3038,2985,2402,d_1574
4578,2637,6192,2497,2980,3599,3727,3551,3508,2998,d_1575
5415,3061,6294,2427,3680,4340,4136,3824,3617,3181,d_1576
5412,2702,6396,2240,3513,3914,3635,3612,3234,2768,d_1577
4859,2930,7264,2589,3063,3846,3643,3582,3079,2962,d_1578
3609,2202,5606,2546,2789,2996,3102,2853,2815,2361,d_1579
3722,2167,5014,2071,2654,3221,3313,2803,2902,2230,d_1580
3381,2376,5159,2060,2754,3094,3305,2810,3009,2268,d_1581
3803,2696,5309,2184,2716,3283,3534,3397,3428,2575,d_1582
5342,4078,6616,2387,2923,3686,3691,4602,4184,3429,d_1583
5980,3728,7261,2765,3762,4495,4297,4042,3799,3334,d_1584
4702,2866,6560,2566,3280,3951,4350,3258,4158,2963,d_1585
4282,2434,7865,2228,2924,3358,3503,2899,4823,3108,d_1586
4007,2573,6044,2379,2999,3615,4064,3582,5516,3211,d_1587
3818,2755,5871,2502,2810,3416,3669,3327,3931,2823,d_1588
4646,3296,6148,2349,3282,3963,4261,3624,4553,3767,d_1589
5710,4556,7967,2569,4081,4532,4444,4492,5264,3892,d_1590
5826,4475,8318,2700,4459,4857,5011,4811,4316,3653,d_1591
4475,3194,7608,2488,3179,3810,3918,3200,4795,3255,d_1592
4145,3018,6886,2326,3268,3582,3670,3417,4738,3134,d_1593
4210,2841,6453,2094,3001,3581,3288,3221,3770,2717,d_1594
3844,2735,5849,2189,3159,3693,3741,3141,4373,2861,d_1595
4605,3145,6098,2306,3256,4005,3915,3951,5320,3681,d_1596
5495,4480,7177,2697,3923,4453,4450,4273,4537,3368,d_1597
5844,4538,8728,2486,4198,4668,4554,4421,5080,4464,d_1598
4454,3098,6819,2469,5190,6793,6750,3318,5120,3569,d_1599
3792,2753,5408,2341,2830,2186,2541,2965,3687,3195,d_1600
3902,2947,5731,2157,2412,2364,2915,3076,3326,2648,d_1601
4018,3109,5732,2409,2735,3198,3297,3319,3806,2802,d_1602
4780,3460,5739,2407,2934,3522,3669,3937,3923,3458,d_1603
5506,4407,7221,2913,3729,4346,4144,4349,4073,3567,d_1604
4881,4333,6739,2582,4430,3936,3907,3784,3546,3275,d_1605
4263,3008,6344,2301,3039,3418,3367,2673,3570,2863,d_1606
4259,2858,5592,2286,2926,3090,3064,3061,3092,2843,d_1607
3851,2942,5239,2014,2901,3265,3126,2908,2845,2531,d_1608
3862,2926,5836,2143,2830,3211,3103,2969,3016,2480,d_1609
4353,3599,6069,2596,2965,3470,3458,3519,3331,2585,d_1610
5328,4882,7103,2598,3394,4269,4061,3938,3525,3115,d_1611
5776,4816,7496,2698,3499,4061,4281,3845,3174,3300,d_1612
3919,3030,6227,2427,2912,3218,3274,3122,3219,2580,d_1613
4018,2924,5978,2288,2673,2763,2771,3000,3163,2601,d_1614
4550,3398,6871,2428,3346,3419,3800,3366,3937,2962,d_1615
4889,3583,6737,2564,3379,3851,4041,3827,5034,3939,d_1616
6369,5185,8878,2976,4374,4911,4800,5243,6127,5291,d_1617
4434,3647,6237,2217,3368,3912,3874,3236,3455,3109,d_1618
5142,4350,7380,2515,3664,4072,4305,3927,4600,3577,d_1619
4915,3870,6350,2598,3535,4049,4031,3301,5171,3718,d_1620
4410,2949,6386,2462,3206,4020,3841,3130,3917,3034,d_1621
4030,2932,6098,2304,2990,3406,3206,3165,4823,3095,d_1622
4220,3134,6200,2486,3094,3558,3848,3422,4853,3395,d_1623
5132,3663,6680,2498,3086,3873,3602,3811,4173,3377,d_1624
5631,5294,7239,2736,3841,4506,4396,4513,5028,4221,d_1625
5919,4974,7846,2710,4430,5004,4838,4469,5130,4274,d_1626
4424,3134,6598,2641,3449,4422,4125,3010,3829,3426,d_1627
3805,3173,6063,2290,3123,3497,3503,3203,4536,3638,d_1628
3971,3216,6228,2328,3428,3737,3477,3301,4998,3411,d_1629
4097,3494,6153,2587,3193,3699,3525,3408,4215,3107,d_1630
4598,4059,6354,2595,3539,4263,3933,4488,4219,3799,d_1631
5133,5344,7397,2533,4027,4908,4268,4120,4220,3710,d_1632
5655,4960,8226,2765,4416,4673,4671,4290,4247,3881,d_1633
4389,3393,6582,2425,3686,3746,3843,3014,3569,2900,d_1634
3796,3251,6045,2481,2963,3070,3510,2928,3308,2786,d_1635
4106,2949,5509,2118,3003,3148,3264,3177,3408,2694,d_1636
3843,3236,5867,2178,3129,3491,3469,2854,3346,2782,d_1637
4391,3946,6087,2572,3235,3932,3885,3621,3543,3229,d_1638
4611,4839,7144,2455,3724,4353,4305,4036,3669,3488,d_1639
5254,4982,7209,2764,4265,4488,4341,3920,3838,3131,d_1640
4739,3258,6316,2443,3045,3738,3299,3057,3333,2898,d_1641
3951,3047,5830,2134,2887,3435,3327,2865,2955,2524,d_1642
3632,3115,5435,2200,2731,3241,2928,2875,3033,2403,d_1643
4072,3092,5649,2453,2897,3296,2982,3208,3285,2653,d_1644
4865,3942,6163,2356,3280,4161,4058,4212,4588,3853,d_1645
5877,5376,7814,2915,4414,4838,4733,4725,4731,3727,d_1646
6768,5216,8646,2843,4143,4807,4755,4809,5226,4328,d_1647
5326,3376,7210,2638,3842,4421,4836,3787,5885,3936,d_1648
4418,3469,6602,2406,3257,3489,3614,3048,4077,3278,d_1649
4202,3263,6426,2463,3509,3819,3687,3183,4602,3125,d_1650
4332,3294,6140,2207,3327,3857,3693,2862,4719,3367,d_1651
4782,4263,6567,2268,3385,4227,3944,3380,3958,3363,d_1652
6020,5154,8126,2756,4153,4693,4408,3839,4917,4038,d_1653
6252,5385,8833,2972,4387,5233,4832,4070,5726,4271,d_1654
4720,3512,7290,2436,3143,3486,3943,2960,3736,3098,d_1655
4147,3277,6422,2251,2941,3462,3422,3145,4152,3230,d_1656
4074,3574,5992,2469,3559,3552,3758,2850,4592,2931,d_1657
3671,3396,6209,2251,3274,3905,3590,3097,3852,2810,d_1658
4419,4103,6242,2259,3304,4180,3744,3506,5132,3873,d_1659
5408,5413,7788,2817,3963,4761,4535,4055,5477,4219,d_1660
6154,6074,8979,2991,4224,4770,4411,4399,4447,4091,d_1661
4760,3548,7250,2632,3267,3676,3541,3246,4047,3145,d_1662
3796,3444,6455,2261,2846,3235,3422,3101,3731,2954,d_1663
3868,3342,6381,2338,2401,3045,2981,3043,3595,2713,d_1664
3876,3340,5693,2453,2445,3098,2879,2791,3434,2507,d_1665
4198,4081,5837,2222,3063,3666,3751,3350,3611,3184,d_1666
5122,5410,7798,2732,3892,4360,4325,4248,3854,3339,d_1667
6222,5509,7836,2880,4146,4863,4811,3991,4068,3270,d_1668
3888,3164,6204,2387,3001,3891,3688,2929,3366,2575,d_1669
3364,3087,5484,2252,2366,2774,3511,2689,3195,2573,d_1670
3558,3037,5327,2148,2489,3108,3235,3027,3559,2479,d_1671
3544,3310,5405,2128,2581,2888,3071,2862,3637,2650,d_1672
4001,4100,5921,2321,2622,3225,3304,3685,4037,3035,d_1673
5368,5641,7568,2696,3354,4093,3930,4553,4606,3427,d_1674
5869,6009,8234,3207,3910,4637,4448,4499,4097,3607,d_1675
4164,3379,6050,2630,2588,3329,3227,3289,4069,3160,d_1676
3983,3415,6423,2484,3038,3452,3696,3258,4852,3354,d_1677
3785,3518,6059,2463,2712,3361,3130,3189,4936,3437,d_1678
4327,3450,6116,2329,2913,3382,4114,3329,5965,3694,d_1679
4728,4250,6452,2629,2863,3515,3481,3537,4405,3410,d_1680
5757,5370,7378,2489,3828,4341,4420,4235,5550,4119,d_1681
5476,5186,7026,2210,3802,4165,4167,3736,5189,4291,d_1682
5636,5045,7827,2683,3619,4851,4304,3556,4338,3903,d_1683
4106,3204,6686,2512,2582,3277,3419,2658,4630,3095,d_1684
3813,3409,6748,2378,2969,3215,3419,3179,5553,3419,d_1685
3845,3443,6538,2559,2621,3066,3208,2989,4362,3062,d_1686
4380,3945,6416,2462,2975,3509,3593,3832,5482,3692,d_1687
5467,5722,7593,2799,3692,5001,4449,4765,6070,4545,d_1688
6052,5722,8814,2964,4255,5124,4926,4173,4968,4342,d_1689
4133,3301,6056,2428,3139,3590,3726,3157,4930,3611,d_1690
3928,3333,5983,2561,2925,3408,3610,2985,4907,3785,d_1691
3405,3214,5358,2232,2719,3246,3362,2822,4255,3032,d_1692
3773,3195,5478,2291,2797,3432,3230,3094,3906,2802,d_1693
4675,3868,6336,2313,3117,3842,3536,3426,4299,3277,d_1694
5627,5767,8179,2749,3939,4675,4242,4444,4483,4174,d_1695
6123,5768,8300,2969,4245,5160,4774,4175,4319,4146,d_1696
4425,3714,6339,2758,2947,3363,3322,2697,3679,2901,d_1697
3912,3306,6133,2402,2784,3219,3235,2761,3136,2630,d_1698
3656,3096,6027,2319,2804,3616,3209,2674,3525,2571,d_1699
3430,3405,5404,2371,2587,3279,3321,2877,3560,2733,d_1700
4515,4127,6264,2526,2918,3830,3265,3447,4352,3436,d_1701
5421,5795,7427,2995,3540,4585,4161,4394,4492,3826,d_1702
5838,5769,7837,3018,3842,4502,4266,4312,4229,4000,d_1703
4053,3497,6071,2638,2456,3611,3265,2711,3098,2862,d_1704
3293,3155,5261,1968,2563,3077,2747,2788,3282,2481,d_1705
3377,2920,5338,2317,2444,2951,2957,2860,3565,2541,d_1706
3941,3622,5867,2296,2942,3948,4051,3285,4661,3064,d_1707
5145,4600,6515,2522,3323,3902,4105,3998,5988,4278,d_1708
6433,6080,8592,3181,3868,5058,4696,5027,6413,5339,d_1709
6668,6199,8674,3188,4053,4998,4881,4320,5283,4631,d_1710
4847,3747,7246,2671,3178,3942,4364,3225,5370,3884,d_1711
4138,3375,6284,2366,3138,3668,3957,3061,5184,3684,d_1712
3956,3175,6160,2506,2851,3411,3886,2768,4047,3127,d_1713
3992,3456,5916,2498,2512,3559,3888,3297,5314,3387,d_1714
4748,4388,6812,2538,3230,4251,3841,4186,5290,4311,d_1715
5923,5657,7767,2737,3736,4305,4487,4799,4979,4397,d_1716
6025,6071,6283,2950,4227,4977,4794,4262,5475,4640,d_1717
4880,3742,7279,2572,3527,3801,4094,3303,5376,3666,d_1718
3977,3285,5827,2247,3032,3534,3610,2992,4012,3165,d_1719
3665,3064,5745,2312,2576,3189,2392,3217,4511,3577,d_1720
3611,3243,5404,2288,2775,3472,4006,3062,4911,3581,d_1721
4122,4189,5769,2169,2899,3862,3525,3601,4621,3665,d_1722
5582,5870,7446,2866,3624,4556,4490,4445,4556,4378,d_1723
6214,5895,8037,2941,3940,4695,4338,4228,4409,4267,d_1724
4094,3292,6022,2597,2887,3674,3555,3019,3309,2853,d_1725
3717,3246,5514,2511,2437,3363,3283,2841,3218,2974,d_1726
3717,3248,5240,2137,2570,3215,3161,3092,3241,2790,d_1727
3211,3292,5480,2128,2727,3236,3363,2891,3746,2696,d_1728
4076,4181,5520,2340,3029,4264,3860,3950,3558,3243,d_1729
5164,5559,6559,2767,3275,4384,3933,4890,4515,3960,d_1730
6013,5766,7897,2956,3395,3836,3685,4328,4345,3958,d_1731
3953,3413,5914,2308,2778,3797,3533,2918,3568,2910,d_1732
3658,3315,5475,2410,2498,3132,3074,2793,3261,2703,d_1733
3400,3198,5379,2276,2527,3213,3011,2640,3179,2444,d_1734
3380,3406,5449,2363,2622,3249,3318,2980,3695,2770,d_1735
4523,4372,5654,2563,2872,3930,3518,4199,4862,4021,d_1736
5214,5604,6500,3058,3182,3187,3526,4159,4431,3882,d_1737
5260,5925,8010,2750,3754,4548,4512,4305,3953,3977,d_1738
4173,3093,5774,2491,2741,3497,3508,3155,4486,3539,d_1739
4103,3340,6020,2589,2763,3332,3864,3197,4916,3873,d_1740
3622,3178,5365,2101,2519,3098,3301,2578,3605,2735,d_1741
3541,3290,5312,2278,2615,3471,3139,3027,4551,3451,d_1742
4284,3901,5702,2356,2981,3832,3696,3728,5062,4079,d_1743
5414,5575,6934,2753,3510,4906,4348,4687,4749,4465,d_1744
5599,5388,8217,2738,3689,4598,4151,4134,5382,4515,d_1745
3828,3136,5788,2268,2963,3587,3770,3028,4703,3844,d_1746
3928,3315,5498,2251,2410,3476,3206,2735,3585,2970,d_1747
3702,3424,5187,2097,2744,3122,3012,2976,4071,3003,d_1748
2984,3058,4877,2218,2518,3070,3446,2752,5038,3281,d_1749
3652,3851,5008,2081,2941,3468,3579,3806,4355,3454,d_1750
4954,5562,6785,2505,3371,4286,4136,5297,5318,5128,d_1751
5817,5522,7294,3004,3973,4820,4764,4225,5782,4554,d_1752
3592,3383,5594,2558,2940,3899,3527,2791,4044,3407,d_1753
3503,2966,4979,2326,2295,2598,2743,2271,3055,2438,d_1754
3463,2964,4867,2022,2698,3349,3386,2975,3447,2989,d_1755
3359,3176,4516,2210,2694,3390,3129,3188,3660,3043,d_1756
4037,3658,5144,2342,2784,3394,3383,4876,4874,3865,d_1757
5115,5758,6309,2750,3578,4276,3938,3532,3881,3656,d_1758
5614,5212,7376,2636,3731,4317,4024,4436,3765,3814,d_1759
4607,3481,5596,2372,2924,3516,3301,3073,3305,2965,d_1760
3942,3349,5216,2430,2850,3484,3262,3185,3460,3044,d_1761
4438,4165,5851,2641,3339,4368,3925,3743,3872,3782,d_1762
2160,2265,3674,1471,2688,2848,2319,1607,1801,2798,d_1763
2696,3404,3972,1465,2402,2970,2556,2713,2629,2774,d_1764
3812,4167,5075,2034,2564,3391,3239,3676,2972,3282,d_1765
4585,4222,5991,2418,3141,3446,3298,3965,3491,3225,d_1766
3806,3309,5055,2279,2411,3151,3213,2828,3125,2839,d_1767
3879,3417,5284,2243,2766,3332,3641,3253,4045,2958,d_1768
3673,3179,5136,2186,2510,2782,3209,2913,4864,3280,d_1769
3691,3490,5543,2296,2820,3194,3680,3711,5578,4026,d_1770
4084,4315,5749,2518,2844,3127,3170,4334,4306,3740,d_1771
5286,5623,6837,2456,3443,4141,3865,5293,5302,4779,d_1772
5352,5781,7334,2634,3660,4597,4122,4882,5675,4378,d_1773
4020,3287,5461,2492,2723,3778,3634,3053,3956,3004,d_1774
3560,3089,5117,2090,2205,3192,3074,2818,4535,3233,d_1775
3417,3172,4877,2301,2470,3214,3096,3420,4471,3252,d_1776
3347,3019,5367,2069,2540,3186,3112,3036,3726,2757,d_1777
3733,3389,5291,2199,2875,3630,3242,3607,4901,3476,d_1778
5130,5255,6523,2456,3693,4509,3931,4612,5465,4401,d_1779
5080,5263,6890,2480,4004,4466,4193,4177,4565,4015,d_1780
3989,3504,5568,2418,3028,4129,3666,3238,4633,3349,d_1781
3567,3401,5039,2181,2992,3925,3606,3396,4865,3158,d_1782
3545,3358,5240,2163,2943,3579,3527,3179,3583,3006,d_1783
3791,3363,5516,2083,3000,3629,3768,3157,3925,3222,d_1784
3843,3573,5074,2104,2639,3506,3230,3765,3718,3304,d_1785
5317,5764,6408,2451,3303,4167,3516,4654,4217,3691,d_1786
5069,5017,6470,2440,3511,4469,3686,4522,3943,3884,d_1787
4451,3623,5158,2185,2861,3664,3229,3735,3475,3141,d_1788
4224,4074,5431,2297,2870,3547,3553,3620,3768,3228,d_1789
4300,4454,5353,2415,2850,3959,3816,4267,3727,3611,d_1790
3803,3753,4167,2118,2991,4148,3616,3772,4046,3813,d_1791
0,2,4,0,1,0,3,2,1,1,d_1792
4137,4333,5918,1977,3725,4262,3919,3609,3036,3461,d_1793
4010,4350,5585,2080,2859,3735,2933,3649,2972,3205,d_1794
3867,3717,5316,2143,2737,3447,2981,1521,2342,1893,d_1795
3884,3646,5086,2053,2618,3164,3102,2683,3016,2641,d_1796
3613,3856,5209,2101,2612,3233,2895,3627,3800,3181,d_1797
3994,4331,5472,2451,3186,4160,3816,4938,5898,4813,d_1798
3418,3679,4556,1711,2654,3213,2978,3567,3811,3064,d_1799
5085,4794,6654,2521,3043,3874,3491,5007,5439,4829,d_1800
4986,5101,6781,2756,3127,4128,3826,4061,5281,4293,d_1801
4237,3591,5944,2683,2745,3551,3560,3044,4043,3295,d_1802
3481,3079,5532,2329,2682,3378,3272,3315,4531,3707,d_1803
3225,3261,5062,2024,2416,2879,2633,3032,4796,3357,d_1804
3867,3483,5644,2424,2688,3798,4021,2861,4110,3048,d_1805
4404,3920,5785,2133,3012,3577,3454,3791,4892,3968,d_1806
6077,6081,7940,2824,4129,4727,4302,5284,6437,5079,d_1807
5660,5682,8035,2839,3752,4775,4106,4086,4354,4080,d_1808
4001,3299,6440,2466,3027,3906,3593,2850,5047,3357,d_1809
3377,3314,5123,2244,3195,3371,3624,2606,4646,3622,d_1810
3252,2904,4803,2042,2670,3384,3485,2694,4221,2776,d_1811
3405,3202,4748,2016,2760,3245,3304,3621,5519,4036,d_1812
4026,4073,5333,2368,3378,3825,3655,4551,5829,4752,d_1813
5745,5707,7240,2688,3590,4603,4571,5689,5845,5468,d_1814
5422,5443,7352,2635,3824,5034,4248,3709,4171,3695,d_1815
4484,4600,6242,2678,3156,3754,3775,2719,3899,3033,d_1816
3026,3052,5165,2140,2589,3279,3142,2906,3612,3077,d_1817
3544,3175,5319,2203,2628,2995,3146,3147,3704,2823,d_1818
3502,3070,5118,2247,2404,3134,3119,2815,3688,2682,d_1819
3612,3787,5224,2479,2888,3602,3642,3549,4146,3378,d_1820
5923,5957,7880,3083,3403,4447,3986,4776,5039,4433,d_1821
5247,5647,8164,2787,3639,4794,4286,4600,4670,3998,d_1822
3741,3240,6371,2487,2666,3441,3538,2798,3301,2806,d_1823
3246,3294,5244,2088,2426,2798,2934,2466,3386,2564,d_1824
3031,3189,5309,2239,2357,3216,2939,2937,3500,2632,d_1825
3173,3211,5261,2153,2497,3264,3135,3036,3961,2775,d_1826
3871,3964,5637,2432,2693,3562,3486,3845,4569,3580,d_1827
5498,5873,7217,2806,3347,4384,4202,5538,5586,4653,d_1828
6032,6037,8094,3343,3727,4712,4575,5034,4915,4362,d_1829
4075,3454,6446,2643,3213,4225,4262,3740,5718,3938,d_1830
3765,3360,5722,2299,2681,3121,3141,2460,5169,3210,d_1831
3983,3314,5740,2335,3081,3722,4091,3135,5786,4153,d_1832
3928,3333,5951,2244,2645,3245,3421,2831,4607,3219,d_1833
4327,4276,5986,2316,2949,3737,3664,3676,5506,3756,d_1834
6412,6150,7347,3301,3939,5240,4432,5516,7046,5657,d_1835
4986,4251,6696,2727,4034,5210,4905,4461,5046,4577,d_1836
3933,3537,5930,2166,2845,3714,3707,2597,4907,3468,d_1837
3936,3549,5882,2207,2978,3737,3825,3313,5358,3728,d_1838
3995,3586,6421,2323,2745,4259,3831,3180,5180,3833,d_1839
4007,4026,6547,2383,3431,4799,4438,3899,6333,4721,d_1840
4111,4140,5928,2677,3343,4295,4198,4308,6463,4759,d_1841
5483,5645,7921,2799,4107,5327,4929,5490,6348,5666,d_1842
4834,5016,6852,2536,3909,4935,4548,4467,6208,5032,d_1843
4588,4562,7464,2617,3649,4301,4165,3524,6783,4499,d_1844
3650,3440,5987,2172,3132,3715,3494,3173,5366,3573,d_1845
3777,3254,5465,2059,2865,3646,3393,3405,5319,3362,d_1846
3868,3595,5424,2419,2879,3749,3474,3207,4861,2960,d_1847
4413,4105,6158,2438,3096,4103,3627,3846,4835,3771,d_1848
5283,5731,7668,2666,3762,5016,4504,5538,5661,5028,d_1849
5607,6114,7984,2833,4299,5479,4885,4779,5409,4692,d_1850
3905,3573,6293,2498,2880,3888,3647,3095,4340,3209,d_1851
3613,3188,5616,2199,2606,3590,3263,2858,4121,2927,d_1852
3369,3076,5477,2021,2808,3616,3418,2982,4473,2828,d_1853
3396,3419,5535,2167,2692,3692,3108,3095,4416,3095,d_1854
4087,4042,5833,2384,2832,3932,3133,3565,4381,3460,d_1855
5329,6070,7375,2772,3361,4414,3800,4992,5152,4622,d_1856
6198,5895,7883,3181,3929,4997,4450,5039,4931,4412,d_1857
3797,3509,6291,2635,2814,3706,3443,3451,4361,3252,d_1858
3830,3651,6462,2354,2962,3947,3933,2188,4322,2887,d_1859
3754,3373,5700,2588,2804,3567,3531,3507,5670,3964,d_1860
3769,3533,5992,2327,3142,4137,4117,3496,6556,4390,d_1861
4163,3881,5550,2501,3002,3531,3625,3813,5285,3974,d_1862
5630,5876,7567,2949,3644,4675,4176,5396,7037,5372,d_1863
6829,6384,8773,3238,4328,5374,4453,5451,6957,5431,d_1864
4393,3484,6558,2713,3112,4237,4254,2992,4796,4023,d_1865
3930,3543,6257,2353,2810,3487,3489,2886,5178,3794,d_1866
3672,3752,5912,2208,2591,3278,3222,3373,5382,3642,d_1867
3877,3663,5820,2475,3078,3876,3694,3254,5180,3350,d_1868
4049,4118,5789,2319,3083,4171,3812,3790,5767,3989,d_1869
5933,6196,7602,2784,4028,4656,4429,5196,6780,5107,d_1870
5446,5937,7874,2680,4075,5217,4174,4764,6278,4976,d_1871
4190,3560,6458,2650,3503,4286,4093,3301,5925,4069,d_1872
3457,3430,5661,2503,3601,4113,3945,3209,6041,4157,d_1873
3587,3481,5512,2227,3175,3495,3808,3176,5050,3095,d_1874
3329,3411,5277,2179,2990,3764,3416,3028,4203,3412,d_1875
4285,4127,5644,2608,2999,4224,3533,3509,4979,3744,d_1876
5659,2779,7508,2954,3633,4528,4049,5102,5227,4742,d_1877
6197,2300,7775,3149,4133,4928,4367,5003,5657,4316,d_1878
4242,3496,6239,2564,2757,3666,3550,3249,4502,3095,d_1879
3776,3645,5703,2457,2817,3664,3345,3033,4068,2967,d_1880
3770,3322,5651,2398,2854,3900,3587,2751,3926,2627,d_1881
3970,3329,5409,2520,2637,3360,3308,2718,3834,2918,d_1882
4904,4796,6373,2621,3478,4600,4157,5094,5218,4370,d_1883
6139,6429,7978,3241,4023,5046,4526,6150,5462,4869,d_1884
4669,6296,7650,2681,4589,4759,3988,3550,4127,4051,d_1885
3905,3645,5487,2445,3026,3740,3537,3039,4254,2963,d_1886
3788,3795,5493,2243,2499,2899,2924,2780,4041,3395,d_1887
3339,3489,5202,2322,2801,3137,2890,2692,3626,2861,d_1888
4076,3581,5474,2470,2631,3355,3320,2858,3908,3008,d_1889
4983,4787,6571,2581,3389,4113,4350,4362,6146,4254,d_1890
5877,6048,7206,3040,4018,4785,4292,5119,7069,5218,d_1891
6496,6542,8399,3140,4275,5170,4606,5370,6953,5474,d_1892
4812,3971,6622,2788,3032,3791,3674,3168,5010,3550,d_1893
4063,3480,6221,2632,3215,3721,3530,3231,5680,3910,d_1894
3964,3731,5685,2427,3201,3366,3771,2996,6143,3850,d_1895
3655,3760,5635,2409,3100,3795,3705,3288,5342,3427,d_1896
4719,4447,6191,2357,3301,3748,3717,3866,6695,4179,d_1897
6112,6353,7782,3064,4068,4820,4472,6182,7852,5635,d_1898
5969,6297,8602,3195,4148,5035,4635,4995,6012,4968,d_1899
4484,3891,6580,2535,3168,4033,3973,3493,6227,4043,d_1900
3579,3798,5641,2174,3029,3484,3905,3388,5934,4137,d_1901
3478,3545,5377,2214,2852,3348,3494,3169,4584,3132,d_1902
3637,3441,5493,2498,2924,3851,3517,3241,5263,3664,d_1903
3982,4440,5337,2496,3084,3897,3819,3862,6259,4613,d_1904
5437,5352,6936,2839,3724,4475,4261,4862,5579,4897,d_1905
5954,5760,8271,3047,4192,4998,4519,4812,5566,4521,d_1906
4345,3830,6068,2809,3410,3311,3147,3236,4347,3556,d_1907
3793,3631,5683,2677,3257,3727,3938,3069,4464,3331,d_1908
3722,3691,5235,2500,2901,3384,3315,3242,4194,3159,d_1909
3709,3303,5018,2458,2776,3446,3380,3324,4393,3226,d_1910
4387,4457,5623,2628,3022,3902,3691,3991,4988,3828,d_1911
5577,5884,7419,2954,3700,4483,4083,4772,5404,4686,d_1912
6113,6082,7721,3271,4033,4292,3957,4874,5127,4325,d_1913
4472,3926,6359,2767,3076,3883,3703,3166,4178,3263,d_1914
3703,3525,5289,2495,2853,3502,3578,3194,4148,3200,d_1915
3715,3527,5065,2529,2984,3256,3335,3267,3805,2962,d_1916
3618,3754,5015,2277,2664,3441,3550,3201,4342,2870,d_1917
4573,4382,5705,2520,3687,4023,4452,4143,5719,3692,d_1918
5898,6349,7057,3023,4052,4508,4134,5318,5485,4605,d_1919
6397,6193,7828,3271,4412,4872,4909,5228,5348,4574,d_1920
4794,4434,6776,3113,2859,3831,4029,3502,5597,4246,d_1921
4594,3977,6325,2934,3217,4088,4644,3456,6567,4512,d_1922
4234,4243,6204,2585,2839,3612,3458,3444,5175,3807,d_1923
3918,4020,5793,2466,3170,3708,3955,3730,5945,4058,d_1924
4804,4492,5842,2500,3428,4290,4055,4142,6103,4149,d_1925
6069,6636,7346,3068,4123,4619,4926,5432,6385,5635,d_1926
5212,5330,6743,2675,3196,4035,4154,4059,5802,4403,d_1927
4859,3999,6958,3100,3437,4172,4426,3895,7080,4474,d_1928
4104,4092,5960,2815,3020,3696,3864,3227,5079,3522,d_1929
3982,3722,5884,2603,3398,3899,4017,3948,6807,3988,d_1930
4049,3751,5039,2659,3351,4019,4121,3682,5843,3989,d_1931
4951,4839,6046,2635,3610,4415,4295,3978,5317,3987,d_1932
6245,6507,7029,3256,3787,4424,4155,5527,7704,5674,d_1933
6707,6710,7969,3318,5000,5866,5383,5488,7586,5894,d_1934
4568,4238,5891,3024,3708,4179,4341,3505,5011,3897,d_1935
3949,3963,5523,2715,3310,4008,4052,3323,4628,3306,d_1936
3995,3789,5375,2519,3147,3518,3710,3242,4533,3268,d_1937
4136,4037,5580,2544,2748,3126,3288,3478,4628,3398,d_1938
4433,4751,5542,2704,3664,4249,4390,3813,4880,4126,d_1939
5764,7120,7073,3146,4167,4802,4712,5002,5213,4519,d_1940
6289,6614,8144,3597,4624,5217,4974,5054,5068,4757,d_1941
